id,name,country,logo,slogan,head_quaters,website,established
1,Sri Lankan Airways,Sri Lanka,https://upload.wikimedia.org/wikipedia/en/thumb/9/9b/Qatar_Airways_Logo.svg/sri_lanka.png,From Sri Lanka,"Katunayake, Sri Lanka",www.srilankaairways.com,1990
2,Air India,India,https://upload.wikimedia.org/wikipedia/en/thumb/e/e3/Air_India_Logo.svg/250px-Air_India_Logo.svg.png,Your Palace in the Sky,"Airlines House, New Delhi, India",https://www.airindia.in,1990
12,Alas La Rioja,Argentina,https://upload.wikimedia.org/wikipedia/en/thumb/9/9b/Qatar_Airways_Logo.svg/sri_lanka.png,From Argentina,"La Rioja, Argentina",www.alasairways.com,1990
78767887137,Quatar Airways,Quatar,https://upload.wikimedia.org/wikipedia/en/thumb/9/9b/Qatar_Airways_Logo.svg/300px-Qatar_Airways_Logo.svg.png,Going Places Together,"Qatar Airways Towers, Doha, Qatar",www.qatarairways.com,1994
128116,Rwanda Airways,Rwanda,https://upload.wikimedia.org/wikipedia/en/thumb/9/9b/Qatar_Airways_Logo.svg/sri_lanka.png,From Rwanda,Rwanda,www.tzairways.com,1979
124,Sri Lankan Airwayss,Sri Lankaa,https://upload.wikimedia.org/wikipedia/en/thumb/9/9b/Qatar_Airways_Logo.svg/sri_lanka1.png,From Sri Lanka,"Katunayake, Sri Lanka",www.srilankaairways.com,
1243,Sri Lankan Airwayss,Sri Lankaa,https://upload.wikimedia.org/wikipedia/en/thumb/9/9b/Qatar_Airways_Logo.svg/sri_lanka1.png,From Sri Lanka,"Katunayake, Sri Lanka",www.srilankaairways.com,1991
23478,qwertyu,asdfghj,sdfgh,zxcvbnm,hsdfghj,"zxcvbnm,",45645
999999,qwertyu,asdfghj,sdfgh,zxcvbnm,hsdfghj,"zxcvbnm,",45645
44444,Sri Lankan Airways,Sri Lanka,https://upload.wikimedia.org/wikipedia/en/thumb/9/9b/Qatar_Airways_Logo.svg/sri_lanka.png,From Sri Lanka,"Katunayake, Sri Lanka",www.srilankaairways.com,567890
1787434987,Quatar Airways,Quatar,https://upload.wikimedia.org/wikipedia/en/thumb/9/9b/Qatar_Airways_Logo.svg/300px-Qatar_Airways_Logo.svg.png,Going Places Together,"Qatar Airways Towers, Doha, Qatar",www.qatarairways.com,1994
4874443,Sri Lankan Airways,Sri Lanka,https://upload.wikimedia.org/wikipedia/en/thumb/9/9b/Qatar_Airways_Logo.svg/sri_lanka.png,From Sri Lanka,"Katunayake, Sri Lanka",www.srilankaairways.com,1990
48744431,Sri Lankan Airways,Sri Lanka,https://upload.wikimedia.org/wikipedia/en/thumb/9/9b/Qatar_Airways_Logo.svg/sri_lanka.png,From Sri Lanka,"Katunayake, Sri Lanka",www.srilankaairways.com,1990
48744421,Sri Lankan Airways,Sri Lanka,https://upload.wikimedia.org/wikipedia/en/thumb/9/9b/Qatar_Airways_Logo.svg/sri_lanka.png,From Sri Lanka,"Katunayake, Sri Lanka",www.srilankaairways.com,1990
888888,qwertyu,asdfghj,sdfgh,zxcvbnm,hsdfghj,"zxcvbnm,",45645
121232,Sri Lankan Airways,Sri Lanka,https://upload.wikimedia.org/wikipedia/en/thumb/9/9b/Qatar_Airways_Logo.svg/sri_lanka.png,From Sri Lanka,"Katunayake, Sri Lanka",www.srilankaairways.com,1990
12453245,ABC Airlines,IN,ABC,ABC Slogan,Mumbai,abc.in,2023
1245245,ABC Airlines,IN,ABC,ABC Slogan,Mumbai,abc.in,2023
487444231,Sri Lankan Airways,Sri Lanka,https://upload.wikimedia.org/wikipedia/en/thumb/9/9b/Qatar_Airways_Logo.svg/sri_lanka.png,From Sri Lanka,"Katunayake, Sri Lanka",www.srilankaairways.com,1990
487444251,Sri Lankan Airways,Sri Lanka,https://upload.wikimedia.org/wikipedia/en/thumb/9/9b/Qatar_Airways_Logo.svg/sri_lanka.png,From Sri Lanka,"Katunayake, Sri Lanka",www.srilankaairways.com,1990
487444261,Sri Lankan Airways,Sri Lanka,https://upload.wikimedia.org/wikipedia/en/thumb/9/9b/Qatar_Airways_Logo.svg/sri_lanka.png,From Sri Lanka,"Katunayake, Sri Lanka",www.srilankaairways.com,1990
314,AirIndia,India,"Delhi, India",for best experience,"Delhi, India",www.airIndia.com,1990
315,qAir,Qatar,Qatar,for best experience,Qatar,www.qatarairways.com,1990
487444271,Sri Lankan Airways,Sri Lanka,https://upload.wikimedia.org/wikipedia/en/thumb/9/9b/Qatar_Airways_Logo.svg/sri_lanka.png,From Sri Lanka,"Katunayake, Sri Lanka",www.srilankaairways.com,1990
8000000,qwertyu,asdfghj,sdfgh,zxcvbnm,hsdfghj,"zxcvbnm,",45645
48744111,Sri Lankan Airways,Sri Lanka,https://upload.wikimedia.org/wikipedia/en/thumb/9/9b/Qatar_Airways_Logo.svg/sri_lanka.png,From Sri Lanka,"Katunayake, Sri Lanka",www.srilankaairways.com,1990
8999999,qwertyu,asdfghj,sdfgh,zxcvbnm,hsdfghj,"zxcvbnm,",45645
4874111,Sri Lankan Airways,Sri Lanka,https://upload.wikimedia.org/wikipedia/en/thumb/9/9b/Qatar_Airways_Logo.svg/sri_lanka.png,From Sri Lanka,"Katunayake, Sri Lanka",www.srilankaairways.com,1990
487411,Sri Lankan Airways,Sri Lanka,https://upload.wikimedia.org/wikipedia/en/thumb/9/9b/Qatar_Airways_Logo.svg/sri_lanka.png,From Sri Lanka,"Katunayake, Sri Lanka",www.srilankaairways.com,1990
69,tester Airline,Testland,https://upload.wikimedia.org/wikipedia/en/thumb/9/9b/Qatar_Airways_Logo.svg/sri_lanka.png,From Test to tester,"Test city, Testland",www.testotestorone.com,2023
9002,Sri Lankan Airways,Sri Lanka,https://upload.wikimedia.org/wikipedia/en/thumb/9/9b/Qatar_Airways_Logo.svg/sri_lanka.png,From Sri Lanka,"Katunayake, Sri Lanka",www.srilankaairways.com,1990
4287411,Sri Lankan Airways,Sri Lanka,https://upload.wikimedia.org/wikipedia/en/thumb/9/9b/Qatar_Airways_Logo.svg/sri_lanka.png,From Sri Lanka,"Katunayake, Sri Lanka",www.srilankaairways.com,1990
899999,qwertyu,asdfghj,sdfgh,zxcvbnm,hsdfghj,"zxcvbnm,",45645
6599,Sri Lankan Airways,Sri Lanka,https://upload.wikimedia.org/wikipedia/en/thumb/9/9b/Qatar_Airways_Logo.svg/sri_lanka.png,From Sri Lanka,"Katunayake, Sri Lanka",www.srilankaairways.com,1990
1000000,Sri Lankan Airways,Sri Lanka,https://upload.wikimedia.org/wikipedia/en/thumb/9/9b/Qatar_Airways_Logo.svg/sri_lanka.png,From Sri Lanka,"Katunayake, Sri Lanka",www.srilankaairways.com,1990
1215245,ABC Airlines,IN,ABC,ABC Slogan,Mumbai,abc.in,2023
12165245,ABC Airlines,IN,ABC,ABC Slogan,Mumbai,abc.in,2023
89999,qwertyu,asdfghj,sdfgh,zxcvbnm,hsdfghj,"zxcvbnm,",45645
6969645,testeri Airline,Testiland,https://upload.wikimedia.org/wikipedia/en/thumb/9/9b/Qatar_Airways_Logo.svg/sri_lanka.png,From test to tester,"Katunayake, Sri Lanka",www.srilankaairways.com,1990
123,Pas original Airline,Kinder,https://upload.wikimedia.org/wikipedia/en/thumb/9/9b/Qatar_Airways_Logo.svg/sri_lanka.png,Macron DEMISSION,Chez Laura'house,www.alexonlyfan.com,1969
883,Grace Bruen Airline,Latvia,http://placeimg.com/640/480,Ex vitae eius illo.,West Hallieberg,http://candace.info,1969
387,Robyn O'Connell Airline,Norway,http://placeimg.com/640/480,Aut et debitis.,Granttown,https://bernard.info,1969
320,AirIndia,India,"Delhi, India",for best experience,"Delhi, India",www.airIndia.com,1990
321,qAir,Qatar,Qatar,for best experience,Qatar,www.qatarairways.com,1990
8999990,qwertyu,asdfghj,sdfgh,zxcvbnm,hsdfghj,"zxcvbnm,",45645
89999900,qwertyu,asdfghj,sdfgh,zxcvbnm,hsdfghj,"zxcvbnm,",45645
899999000,qwertyu,asdfghj,sdfgh,zxcvbnm,hsdfghj,"zxcvbnm,",45645
323,SimplyTravel_1,India,https://upload.wikimedia.org/wikipedia/en/thumb/9/9b/Qatar_Airways_Logo.svg/India.png,Travel in Leisure,"Mumbai, India",https://simply-travel.testsigma.com/,2000
324,QAir_1,US,https://upload.wikimedia.org/wikipedia/en/thumb/9/9b/Qatar_Airways_Logo.svg/India.png,Travel Everywhere,"California, US",https://travel.testsigma.com/,1997
899999001,qwertyu,asdfghj,sdfgh,zxcvbnm,hsdfghj,"zxcvbnm,",45645
325,SimplyTravel_1,India,https://upload.wikimedia.org/wikipedia/en/thumb/9/9b/Qatar_Airways_Logo.svg/India.png,Travel in Leisure,"Mumbai, India",https://simply-travel.testsigma.com/,2000
326,QAir_1,US,https://upload.wikimedia.org/wikipedia/en/thumb/9/9b/Qatar_Airways_Logo.svg/India.png,Travel Everywhere,"California, US",https://travel.testsigma.com/,1997
8999990012,qwertyu,asdfghj,sdfgh,zxcvbnm,hsdfghj,"zxcvbnm,",45645
8999990078,qwertyu,asdfghj,sdfgh,zxcvbnm,hsdfghj,"zxcvbnm,",45645
89999900789,qwertyu,asdfghj,sdfgh,zxcvbnm,hsdfghj,"zxcvbnm,",45645
899999007,qwertyu,asdfghj,sdfgh,zxcvbnm,hsdfghj,"zxcvbnm,",45645
8999990070,qwertyu,asdfghj,sdfgh,zxcvbnm,hsdfghj,"zxcvbnm,",45645
899999009,qwertyu,asdfghj,sdfgh,zxcvbnm,hsdfghj,"zxcvbnm,",45645
8999990098,qwertyu,asdfghj,sdfgh,zxcvbnm,hsdfghj,"zxcvbnm,",45645
8999990095,qwertyu,asdfghj,sdfgh,zxcvbnm,hsdfghj,"zxcvbnm,",45645
899999006,qwertyu,asdfghj,sdfgh,zxcvbnm,hsdfghj,"zxcvbnm,",45645
899999004,qwertyu,asdfghj,sdfgh,zxcvbnm,hsdfghj,"zxcvbnm,",45645
89999907,qwertyu,asdfghj,sdfgh,zxcvbnm,hsdfghj,"zxcvbnm,",45645
89999908,qwertyu,asdfghj,sdfgh,zxcvbnm,hsdfghj,"zxcvbnm,",45645
89999904,qwertyu,asdfghj,sdfgh,zxcvbnm,hsdfghj,"zxcvbnm,",45645
89999903,qwertyu,asdfghj,sdfgh,zxcvbnm,hsdfghj,"zxcvbnm,",45645
89999902,qwertyu,asdfghj,sdfgh,zxcvbnm,hsdfghj,"zxcvbnm,",45645
899999099,qwertyu,asdfghj,sdfgh,zxcvbnm,hsdfghj,"zxcvbnm,",45645
899999555,qwertyu,asdfghj,sdfgh,zxcvbnm,hsdfghj,"zxcvbnm,",45645
899999087,qwertyu,asdfghj,sdfgh,zxcvbnm,hsdfghj,"zxcvbnm,",45645
5515268514,O'Conner-Beer,Nicaragua,AitNUOapMqPAcLOgAPma.png,Decentralized real-time groupware,East Ana,https://OtKVeOpnGR.com,1918
4306466454,"Parker, Pouros and Koepp",Tokelau,pnjEEMUNRcBUnRjEUFfj.png,Operative national support,Westfurt,https://ypXseMLDua.com,1914
1279860666,McKenzie-Upton,San Marino,JGsPbZjozmjtqmbRAbvI.png,Self-enabling fresh-thinking toolset,Orvilleview,https://gMgNGuOJSp.com,2008
9479249275,Gerhold-Johns,El Salvador,VZNKiJCrNOYIwfiSLEDx.png,Automated client-driven knowledge base,Stanmouth,https://LEAThdNNno.com,1997
12345,Air India,India,https://www.google.com/url?sa=i&url=https%3A%2F%2Fwww.britannica.com%2Ftopic%2FIndian-Airlines&psig=AOvVaw0KFYEt8uAarP0aeLgXDpx5&ust=1682478742658000&source=images&cd=vfe&ved=0CBEQjRxqFwoTCPiK4vCHxP4CFQAAAAAdAAAAABAE,From India,"TN, India",https://www.airindia.in/,1990
330,sdasd,dsdsad,sdasdas,sdasdsa,sdsadsad,sdasdqwdew,1997
327,SimplyTravel_2,India,https://upload.wikimedia.org/wikipedia/en/thumb/9/9b/Qatar_Airways_Logo.svg/India.png,Travel in Leisure,"Mumbai, India",https://simply-travel.testsigma.com/,2000
328,QAir_2,US,https://upload.wikimedia.org/wikipedia/en/thumb/9/9b/Qatar_Airways_Logo.svg/India.png,Travel Everywhere,"California, US",https://travel.testsigma.com/,1997
4417146556,"Crooks, Klocko and Cormier",Tunisia,TTAmyAdpUYiaktQmLvbT.png,Focused exuding knowledge base,Paucekshire,https://tTfLRxTIlh.com,1957
42872411,Sri Lankan Airways,Sri Lanka,https://upload.wikimedia.org/wikipedia/en/thumb/9/9b/Qatar_Airways_Logo.svg/sri_lanka.png,From Sri Lanka,"Katunayake, Sri Lanka",www.srilankaairways.com,1990
422872411,Sri Lankan Airways,Sri Lanka,https://upload.wikimedia.org/wikipedia/en/thumb/9/9b/Qatar_Airways_Logo.svg/sri_lanka.png,From Sri Lanka,"Katunayake, Sri Lanka",www.srilankaairways.com,1990
899999080,qwertyu,asdfghj,sdfgh,zxcvbnm,hsdfghj,"zxcvbnm,",45645
422411,Sri Lankan Airways,Sri Lanka,https://upload.wikimedia.org/wikipedia/en/thumb/9/9b/Qatar_Airways_Logo.svg/sri_lanka.png,From Sri Lanka,"Katunayake, Sri Lanka",www.srilankaairways.com,1990
4222411,Sri Lankan Airways,Sri Lanka,https://upload.wikimedia.org/wikipedia/en/thumb/9/9b/Qatar_Airways_Logo.svg/sri_lanka.png,From Sri Lanka,"Katunayake, Sri Lanka",www.srilankaairways.com,1990
14222411,Sri Lankan Airways,Sri Lanka,https://upload.wikimedia.org/wikipedia/en/thumb/9/9b/Qatar_Airways_Logo.svg/sri_lanka.png,From Sri Lanka,"Katunayake, Sri Lanka",www.srilankaairways.com,1990
314222411,Sri Lankan Airways,Sri Lanka,https://upload.wikimedia.org/wikipedia/en/thumb/9/9b/Qatar_Airways_Logo.svg/sri_lanka.png,From Sri Lanka,"Katunayake, Sri Lanka",www.srilankaairways.com,1990
899999089,qwertyu,asdfghj,sdfgh,zxcvbnm,hsdfghj,"zxcvbnm,",45645
4343411,Sri Lankan Airways,Sri Lanka,https://upload.wikimedia.org/wikipedia/en/thumb/9/9b/Qatar_Airways_Logo.svg/sri_lanka.png,From Sri Lanka,"Katunayake, Sri Lanka",www.srilankaairways.com,1990
43434411,Sri Lankan Airways,Sri Lanka,https://upload.wikimedia.org/wikipedia/en/thumb/9/9b/Qatar_Airways_Logo.svg/sri_lanka.png,From Sri Lanka,"Katunayake, Sri Lanka",www.srilankaairways.com,1990
100,Sri Lankan Airways,Sri Lanka,https://upload.wikimedia.org/wikipedia/en/thumb/9/9b/Qatar_Airways_Logo.svg/sri_lanka.png,From Sri Lanka,"Katunayake, Sri Lanka",www.srilankaairways.com,1990
434314411,Sri Lankan Airways,Sri Lanka,https://upload.wikimedia.org/wikipedia/en/thumb/9/9b/Qatar_Airways_Logo.svg/sri_lanka.png,From Sri Lanka,"Katunayake, Sri Lanka",www.srilankaairways.com,1990
101,Sri Lankan Airways,Sri Lanka,https://upload.wikimedia.org/wikipedia/en/thumb/9/9b/Qatar_Airways_Logo.svg/sri_lanka.png,From Sri Lanka,"Katunayake, Sri Lanka",www.srilankaairways.com,1990
101,Sri Lankan Airways,Sri Lanka,https://upload.wikimedia.org/wikipedia/en/thumb/9/9b/Qatar_Airways_Logo.svg/sri_lanka.png,From Sri Lanka,"Katunayake, Sri Lanka",www.srilankaairways.com,1990
101,Sri Lankan Airways,Sri Lanka,https://upload.wikimedia.org/wikipedia/en/thumb/9/9b/Qatar_Airways_Logo.svg/sri_lanka.png,From Sri Lanka,"Katunayake, Sri Lanka",www.srilankaairways.com,1990
101,Sri Lankan Airways,Sri Lanka,https://upload.wikimedia.org/wikipedia/en/thumb/9/9b/Qatar_Airways_Logo.svg/sri_lanka.png,From Sri Lanka,"Katunayake, Sri Lanka",www.srilankaairways.com,1990
101,Sri Lankan Airways,Sri Lanka,https://upload.wikimedia.org/wikipedia/en/thumb/9/9b/Qatar_Airways_Logo.svg/sri_lanka.png,From Sri Lanka,"Katunayake, Sri Lanka",www.srilankaairways.com,1990
101,Sri Lankan Airways,Sri Lanka,https://upload.wikimedia.org/wikipedia/en/thumb/9/9b/Qatar_Airways_Logo.svg/sri_lanka.png,From Sri Lanka,"Katunayake, Sri Lanka",www.srilankaairways.com,1990
101,Sri Lankan Airways,Sri Lanka,https://upload.wikimedia.org/wikipedia/en/thumb/9/9b/Qatar_Airways_Logo.svg/sri_lanka.png,From Sri Lanka,"Katunayake, Sri Lanka",www.srilankaairways.com,1990
101,Sri Lankan Airways,Sri Lanka,https://upload.wikimedia.org/wikipedia/en/thumb/9/9b/Qatar_Airways_Logo.svg/sri_lanka.png,From Sri Lanka,"Katunayake, Sri Lanka",www.srilankaairways.com,1990
101,Sri Lankan Airways,Sri Lanka,https://upload.wikimedia.org/wikipedia/en/thumb/9/9b/Qatar_Airways_Logo.svg/sri_lanka.png,From Sri Lanka,"Katunayake, Sri Lanka",www.srilankaairways.com,1990
101,Sri Lankan Airways,Sri Lanka,https://upload.wikimedia.org/wikipedia/en/thumb/9/9b/Qatar_Airways_Logo.svg/sri_lanka.png,From Sri Lanka,"Katunayake, Sri Lanka",www.srilankaairways.com,1990
101,Sri Lankan Airways,Sri Lanka,https://upload.wikimedia.org/wikipedia/en/thumb/9/9b/Qatar_Airways_Logo.svg/sri_lanka.png,From Sri Lanka,"Katunayake, Sri Lanka",www.srilankaairways.com,1990
314411,Sri Lankan Airways,Sri Lanka,https://upload.wikimedia.org/wikipedia/en/thumb/9/9b/Qatar_Airways_Logo.svg/sri_lanka.png,From Sri Lanka,"Katunayake, Sri Lanka",www.srilankaairways.com,1990
102,Cpawali Airways,Sri Lanka,https://upload.wikimedia.org/wikipedia/en/thumb/9/9b/Qatar_Airways_Logo.svg/sri_lanka.png,From Sri Lanka,"Katunayake, Sri Lanka",www.srilankaairways.com,1990
43314411,Sri Lankan Airways,Sri Lanka,https://upload.wikimedia.org/wikipedia/en/thumb/9/9b/Qatar_Airways_Logo.svg/sri_lanka.png,From Sri Lanka,"Katunayake, Sri Lanka",www.srilankaairways.com,1990
8999990899,qwertyu,asdfghj,sdfgh,zxcvbnm,hsdfghj,"zxcvbnm,",45645
44411,Sri Lankan Airways,Sri Lanka,https://upload.wikimedia.org/wikipedia/en/thumb/9/9b/Qatar_Airways_Logo.svg/sri_lanka.png,From Sri Lanka,"Katunayake, Sri Lanka",www.srilankaairways.com,1990
444411,Sri Lankan Airways,Sri Lanka,https://upload.wikimedia.org/wikipedia/en/thumb/9/9b/Qatar_Airways_Logo.svg/sri_lanka.png,From Sri Lanka,"Katunayake, Sri Lanka",www.srilankaairways.com,1990
4474411,Sri Lankan Airways,Sri Lanka,https://upload.wikimedia.org/wikipedia/en/thumb/9/9b/Qatar_Airways_Logo.svg/sri_lanka.png,From Sri Lanka,"Katunayake, Sri Lanka",www.srilankaairways.com,1990
43474411,Sri Lankan Airways,Sri Lanka,https://upload.wikimedia.org/wikipedia/en/thumb/9/9b/Qatar_Airways_Logo.svg/sri_lanka.png,From Sri Lanka,"Katunayake, Sri Lanka",www.srilankaairways.com,1990
434742411,Sri Lankan Airways,Sri Lanka,https://upload.wikimedia.org/wikipedia/en/thumb/9/9b/Qatar_Airways_Logo.svg/sri_lanka.png,From Sri Lanka,"Katunayake, Sri Lanka",www.srilankaairways.com,1990
434711,Sri Lankan Airways,Sri Lanka,https://upload.wikimedia.org/wikipedia/en/thumb/9/9b/Qatar_Airways_Logo.svg/sri_lanka.png,From Sri Lanka,"Katunayake, Sri Lanka",www.srilankaairways.com,1990
390,Sri Lankan Airways,Sri Lanka,https://upload.wikimedia.org/wikipedia/en/thumb/9/9b/Qatar_Airways_Logo.svg/sri_lanka.png,From Sri Lanka,"Katunayake, Sri Lanka",www.srilankaairways.com,1990
7370669566,Pollich-Paucek,Congo,qnGWIkCpRtnlGAhYNGAT.png,Grass-roots responsive functionalities,West Marcelfurt,https://mURWPXHkpu.com,1905
875239,Bennie,Latvia,jfRMItWygizCumliambQpvQwT,fTgILoOlUoUZTKbGqcTm,Margeretshire,https://PcMIuGJYCk.com,1924
4534711,Sri Lankan Airways,Sri Lanka,https://upload.wikimedia.org/wikipedia/en/thumb/9/9b/Qatar_Airways_Logo.svg/sri_lanka.png,From Sri Lanka,"Katunayake, Sri Lanka",www.srilankaairways.com,1990
45334711,Sri Lankan Airways,Sri Lanka,https://upload.wikimedia.org/wikipedia/en/thumb/9/9b/Qatar_Airways_Logo.svg/sri_lanka.png,From Sri Lanka,"Katunayake, Sri Lanka",www.srilankaairways.com,1990
45678989,qwert,country,logo,slogan,head_quaters,website,established
453234711,Sri Lankan Airways,Sri Lanka,https://upload.wikimedia.org/wikipedia/en/thumb/9/9b/Qatar_Airways_Logo.svg/sri_lanka.png,From Sri Lanka,"Katunayake, Sri Lanka",www.srilankaairways.com,1990
454711,Sri Lankan Airways,Sri Lanka,https://upload.wikimedia.org/wikipedia/en/thumb/9/9b/Qatar_Airways_Logo.svg/sri_lanka.png,From Sri Lanka,"Katunayake, Sri Lanka",www.srilankaairways.com,1990
44711,Sri Lankan Airways,Sri Lanka,https://upload.wikimedia.org/wikipedia/en/thumb/9/9b/Qatar_Airways_Logo.svg/sri_lanka.png,From Sri Lanka,"Katunayake, Sri Lanka",www.srilankaairways.com,1990
58572,"Kuphal, Trantow and Leffler",Croatia,www.tatum-prohaska.name,Organized multi-state migration,"Apt. 560 30208 Hill Isle, New Bryantfurt, OR 37120",www.lesley-spencer.net,1959
747628,Tamela Bechtelar,Iceland,NHCKgkNIQTRndRomnWeJAyvfa,NPvmTxzXhKxmjPQJlwePIzvrA,South Tamicatown,https://https://New Waltonmouth.com,1956
404719,Mrs. Golda Blanda,Armenia,pVjGyXVrxsMLTisslVqufHcxU,aSEyEOyjlWDQzxuHQJyQqTrSA,Lake Keenanland,https://Keiraport.com,1969
154824,Alexandra Koelpin,Lao People's Democratic Republic,mKdgfLbCFVheouTEmmnytUBAm,MAyuvdAJjnGXflbGTtdtbdJrP,South Suzannafort,https://Hintzfurt.com,2017
546775,Jacqui Macejkovic,Trinidad and Tobago,ZhvAIfEIaaqDVoVBCtBRnmSvb,Devolved analyzing policy,Peggychester,https://New Tracey.com,1925
387969,Madelene,Costa Rica,CYpBTQJeDjUafhmCzWRdBteti,YCWpiRjNxuZuztQBzGpN,Giovanniport,https://wGyIEZxnXF.com,1952
508679,Kyra,China,SiQcsqfmOpkMXcHclGpvUcOTW,dRLPWfdmGbPljKcvpzbB,South Ty,https://PvIxlAwcvc.com,1989
580598,Geri Mueller,Mexico,fJlZuBQclAbYMjYmWdTyLskmg,Total attitude-oriented encoding,Lake Claytonland,https://New Clay.com,1937
807779,Lanny,Anguilla,kJvrarnQDQqJIKKlOuMMxcZGF,QTMuqghfeMMOLpISChVb,Balistrerichester,https://eFSrlcqqGg.com,1996
363632,Carolynn,Pitcairn Islands,uOzlTnfGrAEjiBWfrkzXmjCDs,thMtUmeInJxgBDVNnJcS,Morrisfurt,https://fAqYdLzWra.com,1942
189455,Gerald Swaniawski,Maldives,OHzBzeEhmVcXEjbvSePyeuhWU,Optional next generation projection,Tambraside,https://Bednarview.com,2004
141408,Rosanne Lemke,Samoa,XtFcaSAWWTKLsyTtrHmFYbeis,Quality-focused grid-enabled open system,Feeneyport,https://Blickmouth.com,1931
167470,Ahmad Graham,Indonesia,wqJJajdnOhQNUGvbkxSYtkyfp,Down-sized attitude-oriented forecast,Hackettview,https://West Bentonchester.com,1903
588994,John Spinka,Canada,nhUHRZofgJNHbHGGvObqlLEYg,Persistent interactive knowledge base,Rippinborough,https://Leonilafurt.com,2016
866127,Kristel Tremblay Jr.,Ecuador,kGQYtKOmZTuMSyeglOFpVSBtY,Versatile zero administration monitoring,East Janeland,https://Zacheryberg.com,1982
441791,Stacey Blick,South Sudan,iaEJJOcdKQCDGYiJLUuBcYbKv,Sharable dynamic database,Lake Maire,https://East Linh.com,2020
453840,Major O'Reilly,Australia,XFbXFbTswddFChnmMbzVUsfSC,Virtual client-driven software,New Scottybury,https://Leviburgh.com,1928
392,Sri Lankan Airways,Sri Lanka,https://upload.wikimedia.org/wikipedia/en/thumb/9/9b/Qatar_Airways_Logo.svg/sri_lanka.png,From Sri Lanka,"Katunayake, Sri Lanka",www.srilankaairways.com,1990
340,SimplyTravel_2,India,https://upload.wikimedia.org/wikipedia/en/thumb/9/9b/Qatar_Airways_Logo.svg/India.png,Travel in Leisure,"Mumbai, India",https://simply-travel.testsigma.com/,2000
341,QAir_2,US,https://upload.wikimedia.org/wikipedia/en/thumb/9/9b/Qatar_Airways_Logo.svg/India.png,Travel Everywhere,"California, US",https://travel.testsigma.com/,1997
994,Lee Schaden Airline,Egypt,http://placeimg.com/640/480,Ex necessitatibus velit qui.,North Felicita,https://donnie.info,1969
7894,Thirumalesh,India,https://upload.wikimedia.org/wikipedia/en/thumb/9/9b/Qatar_Airways_Logo.svg/sri_lanka.png,From Sri Lanka,"Katunayake, Sri Lanka",www.srilankaairways.com,1990
712881,Carrol Tillman,Tuvalu,hyzSkDqpcZlYrjJLUFZRVGCZL,Stand-alone executive hierarchy,Dantebury,https://Lake Manie.com,2006
621792,Dr. Francis Medhurst,Belgium,qUDWSmIVTCLPDqgCmYPXWEWLB,Universal neutral matrices,North Delbert,https://Ratkeville.com,1917
602188,Britteny Dickens Sr.,United States of America,nGEJzlnNSqtEVIlAVbIcbiWRO,Reactive stable utilisation,South Benjaminchester,https://O'Haratown.com,1943
171789,Kiana Beahan,Tuvalu,pzjgGbNqUftDLkhmFEsSbBxFx,Proactive holistic initiative,Jacqulinemouth,https://North Thurmanbury.com,1902
968454,Synthia Moen,Eritrea,yymaFVjZtLGQMlpqswEDPHrMU,Monitored upward-trending complexity,South Shawnstad,https://Jenkinsshire.com,1918
633218,Damion Ernser,Indonesia,NJLfgLoQTKkwxMFWtqRolKBzU,Re-contextualized needs-based capacity,Chadton,https://West Karlene.com,1900
0,Ankit,,,,,,
777845,Ankit,Antigua and Barbuda,GbkkikefjHmIbwgbwFeWdEtRz,Visionary background installation,Busterchester,https://East Mikel.com,1937
809302,Ankit,Côte d'Ivoire,WklyYGRLwyxTQtisUzAKLmCEV,Polarised zero administration protocol,Port Oretha,https://Lake Damonborough.com,1975
234554,Roberto Brown,Israel,LGOxyWULsPXCGKBOUwILHFRpD,Re-contextualized user-facing architecture,Kihnside,https://Venettaville.com,2019
774356,Jules Balistreri DVM,Botswana,hMxnQhasEfEbrHzpkCzkSmEoC,Optimized coherent framework,North Elmira,https://New Darlena.com,1951
725386,Mrs. Derrick Frami,Viet Nam,TNHuKeagqoRJHWTmIJvTHOMRz,Visionary cohesive extranet,South Felton,https://Dickiport.com,1910
729170,Dr. Glennie Ledner,Timor-Leste,jgZpQRSUdAmCDcKaFPAqceMbG,Organic dedicated software,Enochborough,https://Rennerberg.com,1928
107910,Wallace Bauch,Belarus,RlwPxYtHnaFsDFAynKpUZJxIQ,Customer-focused neutral collaboration,Daughertyfort,https://East Neomiview.com,1988
124836,Huey Wunsch,Somalia,HfJidGzqxQccUFpNQoaUDlIYK,Quality-focused object-oriented system engine,Port Erickshire,https://Gisellebury.com,1923
965211,Adina Witting,United Arab Emirates,QhBPQpipbjwNMYvWXalpkeafq,Triple-buffered directional groupware,Lake Renaldoberg,https://Feeneystad.com,1964
781848,Mr. Samuel Bechtelar,Cambodia,zOxubKqBSJeZDfskFEDVHITLy,Switchable heuristic conglomeration,New Lanitown,https://Wenfurt.com,1908
416770,Brett Corwin,Uganda,WvJLjwVVYzvDOTkXQMdwrSJEf,Multi-layered modular frame,Port Janaeberg,https://Port Vonchester.com,1987
560278,Donte,Russian Federation,omgRRMGRJmgAGHOSiyyxirnBz,GeBevZFIeyBVyhOeXomS,,https://jhbifQUBzu.com,2003
5029432452,Howe-Upton,Azerbaijan,vxzHrgvMSOKSfaYKLrIa.png,Integrated system-worthy architecture,Alphonsoton,https://HsrVeBxJtI.com,1935
15,Rafael Linhas Aereas,Brazil,,From Brazil,"Franca, Brazil",www.rafaelciaaerea.com,1960
99,cachorro airlynes,brazil,https://upload.wikimedia.org/wikipedia/en/thumb/9/9b/Qatar_Airways_Logo.svg/sri_lanka.png,voe com o cachorro,"franca, brazil",www.srilankaairways.com,1990
78,Doge,Brasil,https://upload.wikimedia.org/wikipedia/en/thumb/9/9b/Qatar_Airways_Logo.svg/sri_lanka.png,Doge,"Franca,Sao paulo",www.srilankaairways.com,1990
1001,Surf Airways,Brazil,https://upload.wikimedia.org/wikipedia/en/thumb/9/9b/Qatar_Airways_Logo.svg/sri_lanka.png,From Surf,"Katunayake, Sri Lanka",www.surfairways.com,2023
9999,Cachorro Caramelo Airways,Brazil,https://upload.wikimedia.org/wikipedia/en/thumb/9/9b/Qatar_Airways_Logo.svg/sri_lanka.png,Adote um cachorro caramelo,"Franca, Brazil",www.caramelo.com,1990
999,PamAirLines,Brasil,https://upload.wikimedia.org/wikipedia/en/thumb/9/9b/Qatar_Airways_Logo.svg/sri_lanka.png,SweetAirLine,"Franca, Brasil",www.site.com,1990
1331641564,"Osinski, Gleichner and Gottlieb",Norway,WdthGJjhKKdDYRmhhxkm.png,Object-based tertiary protocol,Johnsonchester,https://EKMnPfeSOx.com,2008
1995,Cachorro Caramelo Airways,Brazil,https://upload.wikimedia.org/wikipedia/en/thumb/9/9b/Qatar_Airways_Logo.svg/sri_lanka.png,Adote um doguinho caramelo,"Franca, Brazil",www.dogcarameloairways.com,1995
10000,Cachorro Caramelo Airways,Brazil,https://upload.wikimedia.org/wikipedia/en/thumb/9/9b/Qatar_Airways_Logo.svg/sri_lanka.png,Adote um Cachorro caramelo,"Franca, Brazil",www.caramelo.com,1990
99999,Brazil Airways,Brazil,https://upload.wikimedia.org/wikipedia/en/thumb/9/9b/Qatar_Airways_Logo.svg/sri_lanka.png,Aqui é Brasil!!!,"Franca, São Paulo, Brazil",www.srilankaairways.com,2022
9889,Sri Lankan batata Airways,Sri Lanka,https://upload.wikimedia.org/wikipedia/en/thumb/9/9b/Qatar_Airways_Logo.svg/sri_lanka.png,From Sri Lanka,"Franca, Sp",www.srilankaairways.com,1990
99999999,Francisco,Brasil,https://upload.wikimedia.org/wikipedia/en/thumb/9/9b/Qatar_Airways_Logo.svg/sri_lanka.png,Cachorro Caramelo,Rua das Aparecida,www.cachorro.com,2030
29826508,Hyon,Montenegro,odJWQjFdID,IpMtrlRojP,Tarahborough,,2008
13439839,Virgil,Christmas Island,BXxbqDvozd,jenvHshQFu,Pfefferport,,2022
63341278,Chantell,Lebanon,OnrKdsffNj,QvtqaIhSzS,East Wilford,,1991
11276434,Hosea,Poland,uNKIwvZwvJ,fQcAShNyXp,South Stephenie,,2004
60436052,Amber,Vanuatu,qUxCwGSHgF,IpmaKxjImd,New Zenaidabury,,2018
34742647,Kathi,Tajikistan,oAQzttnJbS,CuGNYtZRuO,Christahaven,,2009
41118720,Cythia,Colombia,TmXPKjFlLn,PSDJnjwOVa,Hartmannchester,,1994
60224167,Jesenia,Cayman Islands,MNBXrVNzGi,EoJAaDxyOx,Toyhaven,,2005
71817692,Jerrold,Palestinian Territory,hMbHMbWPok,ECPehnRvwR,Rebeccaland,,1997
55599067198,Sri Lankan Airways,Sri Lanka,https://upload.wikimedia.org/wikipedia/en/thumb/9/9b/Qatar_Airways_Logo.svg/sri_lanka.png,From Sri Lanka,"Katunayake, Sri Lanka",www.srilankaairways.com,1990
55527143548,Sri Lankan Airways,Sri Lanka,https://upload.wikimedia.org/wikipedia/en/thumb/9/9b/Qatar_Airways_Logo.svg/sri_lanka.png,From Sri Lanka,"Katunayake, Sri Lanka",www.srilankaairways.com,1990
55521570378,Sri Lankan Airways,Sri Lanka,https://upload.wikimedia.org/wikipedia/en/thumb/9/9b/Qatar_Airways_Logo.svg/sri_lanka.png,From Sri Lanka,"Katunayake, Sri Lanka",www.srilankaairways.com,1990
55537584127,Sri Lankan Airways,Sri Lanka,https://upload.wikimedia.org/wikipedia/en/thumb/9/9b/Qatar_Airways_Logo.svg/sri_lanka.png,From Sri Lanka,"Katunayake, Sri Lanka",www.srilankaairways.com,1990
55557943173,Sri Lankan Airways,Sri Lanka,https://upload.wikimedia.org/wikipedia/en/thumb/9/9b/Qatar_Airways_Logo.svg/sri_lanka.png,From Sri Lanka,"Katunayake, Sri Lanka",www.srilankaairways.com,1990
55574827225,Sri Lankan Airways,Sri Lanka,https://upload.wikimedia.org/wikipedia/en/thumb/9/9b/Qatar_Airways_Logo.svg/sri_lanka.png,From Sri Lanka,"Katunayake, Sri Lanka",www.srilankaairways.com,1990
55595990774,Sri Lankan Airways,Sri Lanka,https://upload.wikimedia.org/wikipedia/en/thumb/9/9b/Qatar_Airways_Logo.svg/sri_lanka.png,From Sri Lanka,"Katunayake, Sri Lanka",www.srilankaairways.com,1990
5558955660,Sri Lankan Airways,Sri Lanka,https://upload.wikimedia.org/wikipedia/en/thumb/9/9b/Qatar_Airways_Logo.svg/sri_lanka.png,From Sri Lanka,"Katunayake, Sri Lanka",www.srilankaairways.com,1990
55559774123,Sri Lankan Airways,Sri Lanka,https://upload.wikimedia.org/wikipedia/en/thumb/9/9b/Qatar_Airways_Logo.svg/sri_lanka.png,From Sri Lanka,"Katunayake, Sri Lanka",www.srilankaairways.com,1990
55551090158,Sri Lankan Airways,Sri Lanka,https://upload.wikimedia.org/wikipedia/en/thumb/9/9b/Qatar_Airways_Logo.svg/sri_lanka.png,From Sri Lanka,"Katunayake, Sri Lanka",www.srilankaairways.com,1990
55515882115,Sri Lankan Airways,Sri Lanka,https://upload.wikimedia.org/wikipedia/en/thumb/9/9b/Qatar_Airways_Logo.svg/sri_lanka.png,From Sri Lanka,"Katunayake, Sri Lanka",www.srilankaairways.com,1990
55524726860,Sri Lankan Airways,Sri Lanka,https://upload.wikimedia.org/wikipedia/en/thumb/9/9b/Qatar_Airways_Logo.svg/sri_lanka.png,From Sri Lanka,"Katunayake, Sri Lanka",www.srilankaairways.com,1990
6435139,Marlin,Japan,CGEbnATGVH,ZVoadbMZVM,Johnberg,,2007
55586350955,Sri Lankan Airways,Sri Lanka,https://upload.wikimedia.org/wikipedia/en/thumb/9/9b/Qatar_Airways_Logo.svg/sri_lanka.png,From Sri Lanka,"Katunayake, Sri Lanka",www.srilankaairways.com,1990
55551313649,Sri Lankan Airways,Sri Lanka,https://upload.wikimedia.org/wikipedia/en/thumb/9/9b/Qatar_Airways_Logo.svg/sri_lanka.png,From Sri Lanka,"Katunayake, Sri Lanka",www.srilankaairways.com,1990
55548756786,Sri Lankan Airways,Sri Lanka,https://upload.wikimedia.org/wikipedia/en/thumb/9/9b/Qatar_Airways_Logo.svg/sri_lanka.png,From Sri Lanka,"Katunayake, Sri Lanka",www.srilankaairways.com,1990
51189338,Lenard,Somalia,PatZfSedFQ,atezTQchbi,Lawerenceville,,2016
55591440184,Sri Lankan Airways,Sri Lanka,https://upload.wikimedia.org/wikipedia/en/thumb/9/9b/Qatar_Airways_Logo.svg/sri_lanka.png,From Sri Lanka,"Katunayake, Sri Lanka",www.srilankaairways.com,1990
55596471573,Sri Lankan Airways,Sri Lanka,https://upload.wikimedia.org/wikipedia/en/thumb/9/9b/Qatar_Airways_Logo.svg/sri_lanka.png,From Sri Lanka,"Katunayake, Sri Lanka",www.srilankaairways.com,1990
5552661336,Sri Lankan Airways,Sri Lanka,https://upload.wikimedia.org/wikipedia/en/thumb/9/9b/Qatar_Airways_Logo.svg/sri_lanka.png,From Sri Lanka,"Katunayake, Sri Lanka",www.srilankaairways.com,1990
55596052595,Sri Lankan Airways,Sri Lanka,https://upload.wikimedia.org/wikipedia/en/thumb/9/9b/Qatar_Airways_Logo.svg/sri_lanka.png,From Sri Lanka,"Katunayake, Sri Lanka",www.srilankaairways.com,1990
55529230796,Sri Lankan Airways,Sri Lanka,https://upload.wikimedia.org/wikipedia/en/thumb/9/9b/Qatar_Airways_Logo.svg/sri_lanka.png,From Sri Lanka,"Katunayake, Sri Lanka",www.srilankaairways.com,1990
55534659857,Sri Lankan Airways,Sri Lanka,https://upload.wikimedia.org/wikipedia/en/thumb/9/9b/Qatar_Airways_Logo.svg/sri_lanka.png,From Sri Lanka,"Katunayake, Sri Lanka",www.srilankaairways.com,1990
55573992678,Sri Lankan Airways,Sri Lanka,https://upload.wikimedia.org/wikipedia/en/thumb/9/9b/Qatar_Airways_Logo.svg/sri_lanka.png,From Sri Lanka,"Katunayake, Sri Lanka",www.srilankaairways.com,1990
55542868139,Sri Lankan Airways,Sri Lanka,https://upload.wikimedia.org/wikipedia/en/thumb/9/9b/Qatar_Airways_Logo.svg/sri_lanka.png,From Sri Lanka,"Katunayake, Sri Lanka",www.srilankaairways.com,1990
5551243052,Sri Lankan Airways,Sri Lanka,https://upload.wikimedia.org/wikipedia/en/thumb/9/9b/Qatar_Airways_Logo.svg/sri_lanka.png,From Sri Lanka,"Katunayake, Sri Lanka",www.srilankaairways.com,1990
55558082097,Sri Lankan Airways,Sri Lanka,https://upload.wikimedia.org/wikipedia/en/thumb/9/9b/Qatar_Airways_Logo.svg/sri_lanka.png,From Sri Lanka,"Katunayake, Sri Lanka",www.srilankaairways.com,1990
55542291510,Sri Lankan Airways,Sri Lanka,https://upload.wikimedia.org/wikipedia/en/thumb/9/9b/Qatar_Airways_Logo.svg/sri_lanka.png,From Sri Lanka,"Katunayake, Sri Lanka",www.srilankaairways.com,1990
995887765,Sri Lankan Airways,Sri Lanka,https://upload.wikimedia.org/wikipedia/en/thumb/9/9b/Qatar_Airways_Logo.svg/sri_lanka.png,From Sri Lanka,"Katunayake, Sri Lanka",www.srilankaairways.com,1990
789977999,Sri Lankan Airways,Sri Lanka,https://upload.wikimedia.org/wikipedia/en/thumb/9/9b/Qatar_Airways_Logo.svg/sri_lanka.png,From Sri Lanka,"Katunayake, Sri Lanka",www.srilankaairways.com,1990
85768655,Sri Lankan Airways,Sri Lanka,https://upload.wikimedia.org/wikipedia/en/thumb/9/9b/Qatar_Airways_Logo.svg/sri_lanka.png,From Sri Lanka,"Katunayake, Sri Lanka",www.srilankaairways.com,1990
5756778800,Sri Lankan Airways,Sri Lanka,https://upload.wikimedia.org/wikipedia/en/thumb/9/9b/Qatar_Airways_Logo.svg/sri_lanka.png,From Sri Lanka,"Katunayake, Sri Lanka",www.srilankaairways.com,1990
5556065507,Sri Lankan Airways,Sri Lanka,https://upload.wikimedia.org/wikipedia/en/thumb/9/9b/Qatar_Airways_Logo.svg/sri_lanka.png,From Sri Lanka,"Katunayake, Sri Lanka",www.srilankaairways.com,1990
1827,Sri Lankan Airways,Sri Lanka,https://upload.wikimedia.org/wikipedia/en/thumb/9/9b/Qatar_Airways_Logo.svg/sri_lanka.png,From Sri Lanka,"Katunayake, Sri Lanka",www.srilankaairways.com,1990
878966,ABC Airlines,IN,ABC,ABC Slogan,Mumbai,abc,1994
1045452,Sri Lankan Airways,Sri Lanka,https://upload.wikimedia.org/wikipedia/en/thumb/9/9b/Qatar_Airways_Logo.svg/sri_lanka.png,From Sri Lanka,"Katunayake, Sri Lanka",www.srilankaairways.com,1990
8789466,ABC Airlines,IN,ABC,ABC Slogan,Mumbai,abc,1994
502,Jeannie Murphy Airline,Japan,http://placeimg.com/640/480,Fugit beatae nesciunt.,Springfield,https://juanita.biz,1969
602,Dr. Courtney Braun Airline,Saint Helena,http://placeimg.com/640/480,Nostrum aut eos fugiat ullam eligendi.,East Jayson,https://luther.org,1969
1343243,Sri Lankan Airways,Sri Lanka,https://upload.wikimedia.org/wikipedia/en/thumb/9/9b/Qatar_Airways_Logo.svg/sri_lanka.png,From Sri Lanka,"Katunayake, Sri Lanka",www.srilankaairways.com,1990
13432432,Sri Lankan Airways,Sri Lanka,https://upload.wikimedia.org/wikipedia/en/thumb/9/9b/Qatar_Airways_Logo.svg/sri_lanka.png,From Sri Lanka,"Katunayake, Sri Lanka",www.srilankaairways.com,1990
134324432,Sri Lankan Airways,Sri Lanka,https://upload.wikimedia.org/wikipedia/en/thumb/9/9b/Qatar_Airways_Logo.svg/sri_lanka.png,From Sri Lanka,"Katunayake, Sri Lanka",www.srilankaairways.com,1990
1343244532,Sri Lankan Airways,Sri Lanka,https://upload.wikimedia.org/wikipedia/en/thumb/9/9b/Qatar_Airways_Logo.svg/sri_lanka.png,From Sri Lanka,"Katunayake, Sri Lanka",www.srilankaairways.com,1990
13434244532,Sri Lankan Airways,Sri Lanka,https://upload.wikimedia.org/wikipedia/en/thumb/9/9b/Qatar_Airways_Logo.svg/sri_lanka.png,From Sri Lanka,"Katunayake, Sri Lanka",www.srilankaairways.com,1990
963,Julian Rogahn Airline,Saint Martin,http://placeimg.com/640/480,Eum ex sed voluptas in et illum suscipit alias.,Lake Aleenstad,http://stella.org,1969
13,Sri Lankan Airways,Sri Lanka,https://upload.wikimedia.org/wikipedia/en/thumb/9/9b/Qatar_Airways_Logo.svg/sri_lanka.png,From Sri Lanka,"Katunayake, Sri Lanka",www.srilankaairways.com,1990
8870,harik,Sri Lanka,,From Sri Lanka,"Katunayake, Sri Lanka",,1990
395,Loretta Crona Airline,Guinea-Bissau,http://placeimg.com/640/480,Libero dicta est ea aut quia suscipit.,Newark,https://aglae.name,1969
778,Beatrice Kertzmann Airline,British Indian Ocean Territory (Chagos Archipelago),http://placeimg.com/640/480,Nostrum modi corporis tempore quia impedit.,North Burnice,http://dejah.net,1969
19,Sri Lankan Airways,Sri Lanka,https://upload.wikimedia.org/wikipedia/en/thumb/9/9b/Qatar_Airways_Logo.svg/sri_lanka.png,From Sri Lanka,"Katunayake, Sri Lanka",www.srilankaairways.com,1990
125,Sri Ram Airways,India,https://upload.wikimedia.org/wikipedia/en/thumb/9/9b/Qatar_Airways_Logo.svg/sri_lanka.png,From Mumbai,Bangalore,www.indianair.com,1990
1312313142325122300,Sri Lankan Airways,Sri Lanka,https://upload.wikimedia.org/wikipedia/en/thumb/9/9b/Qatar_Airways_Logo.svg/sri_lanka.png,From Sri Lanka,"Katunayake, Sri Lanka",www.srilankaairways.com,1990
382,Sri Lankan Airways,Sri Lanka,https://upload.wikimedia.org/wikipedia/en/thumb/9/9b/Qatar_Airways_Logo.svg/sri_lanka.png,From Sri Lanka,"Katunayake, Sri Lanka",www.srilankaairways.com,1990
342,SimplyTravel_2,India,https://upload.wikimedia.org/wikipedia/en/thumb/9/9b/Qatar_Airways_Logo.svg/India.png,Travel in Leisure,"Mumbai, India",https://simply-travel.testsigma.com/,2000
343,QAir_2,US,https://upload.wikimedia.org/wikipedia/en/thumb/9/9b/Qatar_Airways_Logo.svg/India.png,Travel Everywhere,"California, US",https://travel.testsigma.com/,1997
345,QAir_2,US,https://upload.wikimedia.org/wikipedia/en/thumb/9/9b/Qatar_Airways_Logo.svg/India.png,Travel Everywhere,"California, US",https://travel.testsigma.com/,1997
351,SimplyTravel_2,India,https://upload.wikimedia.org/wikipedia/en/thumb/9/9b/Qatar_Airways_Logo.svg/India.png,Travel in Leisure,"Mumbai, India",https://simply-travel.testsigma.com/,2000
352,QAir_2,US,https://upload.wikimedia.org/wikipedia/en/thumb/9/9b/Qatar_Airways_Logo.svg/India.png,Travel Everywhere,"California, US",https://travel.testsigma.com/,1997
400,Sri Lankan Airways111111,Sri Lanka,https://upload.wikimedia.org/wikipedia/en/thumb/9/9b/Qatar_Airways_Logo.svg/sri_lanka.png,From Sri Lanka,"Katunayake, Sri Lanka",www.srilankaairways.com,1990
4000,Sri Lankan Airways111111,Sri Lanka,https://upload.wikimedia.org/wikipedia/en/thumb/9/9b/Qatar_Airways_Logo.svg/sri_lanka.png,From Sri Lanka,"Katunayake, Sri Lanka",www.srilankaairways.com,1990
1312122411,Sri Lankan Airways,Sri Lanka,https://upload.wikimedia.org/wikipedia/en/thumb/9/9b/Qatar_Airways_Logo.svg/sri_lanka.png,From Sri Lanka,"Katunayake, Sri Lanka",www.srilankaairways.com,1990
13122122411,Sri Lankan Airways,Sri Lanka,https://upload.wikimedia.org/wikipedia/en/thumb/9/9b/Qatar_Airways_Logo.svg/sri_lanka.png,From Sri Lanka,"Katunayake, Sri Lanka",www.srilankaairways.com,1990
12456,Sri Lankan Airways,Sri Lanka,https://upload.wikimedia.org/wikipedia/en/thumb/9/9b/Qatar_Airways_Logo.svg/sri_lanka.png,From Sri Lanka,"Katunayake, Sri Lanka",www.srilankaairways.com,1990
11,ASG Airways,Sri Lanka,https://upload.wikimedia.org/wikipedia/en/thumb/9/9b/Qatar_Airways_Logo.svg/sri_lanka.png,From Sri Lanka,"Katunayake, Sri Lanka",www.srilankaairways.com,1990
-9404117,Sri Lankan Airways,Sri Lanka,https://upload.wikimedia.org/wikipedia/en/thumb/9/9b/Qatar_Airways_Logo.svg/sri_lanka.png,From Sri Lanka,"Katunayake, Sri Lanka",www.srilankaairways.com,1990
-3235514,Sri Lankan Airways,Sri Lanka,https://upload.wikimedia.org/wikipedia/en/thumb/9/9b/Qatar_Airways_Logo.svg/sri_lanka.png,From Sri Lanka,"Katunayake, Sri Lanka",www.srilankaairways.com,1990
25203285,Sri Lankan Airways,Sri Lanka,https://upload.wikimedia.org/wikipedia/en/thumb/9/9b/Qatar_Airways_Logo.svg/sri_lanka.png,From Sri Lanka,"Katunayake, Sri Lanka",www.srilankaairways.com,1990
555,Indian Airwayss,Indian,,From India...................,,,
3,Las Vegas,America,https://upload.wikimedia.org/wikipedia/en/thumb/e/e3/Air_India_Logo.svg/250px-Air_India_Logo.svg.png,world “is at your feet,Tony Montana,https://www.airindia.in,1991
12507,Sri Lankan Airways,Sri Lanka,https://upload.wikimedia.org/wikipedia/en/thumb/9/9b/Qatar_Airways_Logo.svg/sri_lanka.png,From Sri Lanka,"Katunayake, Sri Lanka",www.srilankaairways.com,1990
393,Sri Lankan Airways,Sri Lanka,https://upload.wikimedia.org/wikipedia/en/thumb/9/9b/Qatar_Airways_Logo.svg/sri_lanka.png,From Sri Lanka,"Katunayake, Sri Lanka",www.srilankaairways.com,1990
55539016963,Sri Lankan Airways,Sri Lanka,https://upload.wikimedia.org/wikipedia/en/thumb/9/9b/Qatar_Airways_Logo.svg/sri_lanka.png,From Sri Lanka,"Katunayake, Sri Lanka",www.srilankaairways.com,1990
34397519,Sri Lankan Airways,Sri Lanka,https://upload.wikimedia.org/wikipedia/en/thumb/9/9b/Qatar_Airways_Logo.svg/sri_lanka.png,From Sri Lanka,"Katunayake, Sri Lanka",www.srilankaairways.com,1990
55525653546,Sri Lankan Airways,Sri Lanka,https://upload.wikimedia.org/wikipedia/en/thumb/9/9b/Qatar_Airways_Logo.svg/sri_lanka.png,From Sri Lanka,"Katunayake, Sri Lanka",www.srilankaairways.com,1990
55539035003,Sri Lankan Airways,Sri Lanka,https://upload.wikimedia.org/wikipedia/en/thumb/9/9b/Qatar_Airways_Logo.svg/sri_lanka.png,From Sri Lanka,"Katunayake, Sri Lanka",www.srilankaairways.com,1990
8899289398329832,Sri Lankan Airways,Sri Lanka,https://upload.wikimedia.org/wikipedia/en/thumb/9/9b/Qatar_Airways_Logo.svg/sri_lanka.png,From Sri Lanka,"Katunayake, Sri Lanka",www.srilankaairways.com,1990
55543288527,Sri Lankan Airways,Sri Lanka,https://upload.wikimedia.org/wikipedia/en/thumb/9/9b/Qatar_Airways_Logo.svg/sri_lanka.png,From Sri Lanka,"Katunayake, Sri Lanka",www.srilankaairways.com,1990
396,Sri Lankan Airways,Sri Lanka,https://upload.wikimedia.org/wikipedia/en/thumb/9/9b/Qatar_Airways_Logo.svg/sri_lanka.png,From Sri Lanka,"Katunayake, Sri Lanka",www.srilankaairways.com,1990
55527926145,Sri Lankan Airways,Sri Lanka,https://upload.wikimedia.org/wikipedia/en/thumb/9/9b/Qatar_Airways_Logo.svg/sri_lanka.png,From Sri Lanka,"Katunayake, Sri Lanka",www.srilankaairways.com,1990
444912619932,Sri Lankan Airways,Sri Lanka,https://upload.wikimedia.org/wikipedia/en/thumb/9/9b/Qatar_Airways_Logo.svg/sri_lanka.png,From Sri Lanka,"Katunayake, Sri Lanka",www.srilankaairways.com,1990
6978,Laulau Airways,Laulau Lanka,https://upload.wikimedia.org/wikipedia/en/thumb/9/9b/Qatar_Airways_Logo.svg/sri_lanka.png,From Sri Lanka,"Katunayake, Sri Lanka",www.srilankaairways.com,1990
89,Test Airways,Test,https://upload.wikimedia.org/wikipedia/en/thumb/9/9b/Qatar_Airways_Logo.svg/sri_lanka.png,From Sri Lanka,"Katunayake, Sri Lanka",www.srilankaairways.com,1990
398,Sri Lankan Airways,Sri Lanka,https://upload.wikimedia.org/wikipedia/en/thumb/9/9b/Qatar_Airways_Logo.svg/sri_lanka.png,From Sri Lanka,"Katunayake, Sri Lanka",www.srilankaairways.com,1990
353,SimplyTravel_2,India,https://upload.wikimedia.org/wikipedia/en/thumb/9/9b/Qatar_Airways_Logo.svg/India.png,Travel in Leisure,"Mumbai, India",https://simply-travel.testsigma.com/,2000
354,QAir_2,US,https://upload.wikimedia.org/wikipedia/en/thumb/9/9b/Qatar_Airways_Logo.svg/India.png,Travel Everywhere,"California, US",https://travel.testsigma.com/,1997
6979,Laulau Airways,Laulau Lanka,https://upload.wikimedia.org/wikipedia/en/thumb/9/9b/Qatar_Airways_Logo.svg/sri_lanka.png,From Sri Lanka,"Katunayake, Sri Lanka",www.srilankaairways.com,1990
899,Test Airways,Test,https://upload.wikimedia.org/wikipedia/en/thumb/9/9b/Qatar_Airways_Logo.svg/sri_lanka.png,From Sri Lanka,"Katunayake, Sri Lanka",www.srilankaairways.com,1990
18,Sri Lankan Airways,Sri Lanka,https://upload.wikimedia.org/wikipedia/en/thumb/9/9b/Qatar_Airways_Logo.svg/sri_lanka.png,From Sri Lanka,"Katunayake, Sri Lanka",www.srilankaairways.com,1990
20,Sri Lankan Airways,Sri Lanka,https://upload.wikimedia.org/wikipedia/en/thumb/9/9b/Qatar_Airways_Logo.svg/sri_lanka.png,From Sri Lanka,"Katunayake, Sri Lanka",www.srilankaairways.com,1991
22,Sri Lankan Airways,Sri Lanka,https://upload.wikimedia.org/wikipedia/en/thumb/9/9b/Qatar_Airways_Logo.svg/sri_lanka.png,From Sri Lanka,"Katunayake, Sri Lanka",www.srilankaairways.com,1991
1565454900096,indian Airways,india,https://upload.wikimedia.org/wikipedia/en/thumb/9/9b/Qatar_Airways_Logo.svg/sri_lanka.png,From Sri Lanka,,www.srilankaairways.com,1990
55517686859,Sri Lankan Airways,Sri Lanka,https://upload.wikimedia.org/wikipedia/en/thumb/9/9b/Qatar_Airways_Logo.svg/sri_lanka.png,From Sri Lanka,"Katunayake, Sri Lanka",www.srilankaairways.com,1990
55557442969,Sri Lankan Airways,Sri Lanka,https://upload.wikimedia.org/wikipedia/en/thumb/9/9b/Qatar_Airways_Logo.svg/sri_lanka.png,From Sri Lanka,"Katunayake, Sri Lanka",www.srilankaairways.com,1990
55558566800,Sri Lankan Airways,Sri Lanka,https://upload.wikimedia.org/wikipedia/en/thumb/9/9b/Qatar_Airways_Logo.svg/sri_lanka.png,From Sri Lanka,"Katunayake, Sri Lanka",www.srilankaairways.com,1990
55536973960,Sri Lankan Airways,Sri Lanka,https://upload.wikimedia.org/wikipedia/en/thumb/9/9b/Qatar_Airways_Logo.svg/sri_lanka.png,From Sri Lanka,"Katunayake, Sri Lanka",www.srilankaairways.com,1990
444176353535,Sri Lankan Airways,Sri Lanka,https://upload.wikimedia.org/wikipedia/en/thumb/9/9b/Qatar_Airways_Logo.svg/sri_lanka.png,From Sri Lanka,"Katunayake, Sri Lanka",www.srilankaairways.com,1990
444656081908,Sri Lankan Airways,Sri Lanka,https://upload.wikimedia.org/wikipedia/en/thumb/9/9b/Qatar_Airways_Logo.svg/sri_lanka.png,From Sri Lanka,"Katunayake, Sri Lanka",www.srilankaairways.com,1990
55550456232,Sri Lankan Airways,Sri Lanka,https://upload.wikimedia.org/wikipedia/en/thumb/9/9b/Qatar_Airways_Logo.svg/sri_lanka.png,From Sri Lanka,"Katunayake, Sri Lanka",www.srilankaairways.com,1990
444791927673,Sri Lankan Airways,Sri Lanka,https://upload.wikimedia.org/wikipedia/en/thumb/9/9b/Qatar_Airways_Logo.svg/sri_lanka.png,From Sri Lanka,"Katunayake, Sri Lanka",www.srilankaairways.com,1990
5557354067,Sri Lankan Airways,Sri Lanka,https://upload.wikimedia.org/wikipedia/en/thumb/9/9b/Qatar_Airways_Logo.svg/sri_lanka.png,From Sri Lanka,"Katunayake, Sri Lanka",www.srilankaairways.com,1990
444992051475,Sri Lankan Airways,Sri Lanka,https://upload.wikimedia.org/wikipedia/en/thumb/9/9b/Qatar_Airways_Logo.svg/sri_lanka.png,From Sri Lanka,"Katunayake, Sri Lanka",www.srilankaairways.com,1990
55550072895,Sri Lankan Airways,Sri Lanka,https://upload.wikimedia.org/wikipedia/en/thumb/9/9b/Qatar_Airways_Logo.svg/sri_lanka.png,From Sri Lanka,"Katunayake, Sri Lanka",www.srilankaairways.com,1990
55591044433,Sri Lankan Airways,Sri Lanka,https://upload.wikimedia.org/wikipedia/en/thumb/9/9b/Qatar_Airways_Logo.svg/sri_lanka.png,From Sri Lanka,"Katunayake, Sri Lanka",www.srilankaairways.com,1990
444387819514,Sri Lankan Airways,Sri Lanka,https://upload.wikimedia.org/wikipedia/en/thumb/9/9b/Qatar_Airways_Logo.svg/sri_lanka.png,From Sri Lanka,"Katunayake, Sri Lanka",www.srilankaairways.com,1990
5558145964,Sri Lankan Airways,Sri Lanka,https://upload.wikimedia.org/wikipedia/en/thumb/9/9b/Qatar_Airways_Logo.svg/sri_lanka.png,From Sri Lanka,"Katunayake, Sri Lanka",www.srilankaairways.com,1990
444637463956,Sri Lankan Airways,Sri Lanka,https://upload.wikimedia.org/wikipedia/en/thumb/9/9b/Qatar_Airways_Logo.svg/sri_lanka.png,From Sri Lanka,"Katunayake, Sri Lanka",www.srilankaairways.com,1990
55514800335,Sri Lankan Airways,Sri Lanka,https://upload.wikimedia.org/wikipedia/en/thumb/9/9b/Qatar_Airways_Logo.svg/sri_lanka.png,From Sri Lanka,"Katunayake, Sri Lanka",www.srilankaairways.com,1990
444835123646,Sri Lankan Airways,Sri Lanka,https://upload.wikimedia.org/wikipedia/en/thumb/9/9b/Qatar_Airways_Logo.svg/sri_lanka.png,From Sri Lanka,"Katunayake, Sri Lanka",www.srilankaairways.com,1990
55518915927,Sri Lankan Airways,Sri Lanka,https://upload.wikimedia.org/wikipedia/en/thumb/9/9b/Qatar_Airways_Logo.svg/sri_lanka.png,From Sri Lanka,"Katunayake, Sri Lanka",www.srilankaairways.com,1990
4353464346,Sri Lankan Airways1,Sri Lanka1,https://upload.wikimedia.org/wikipedia/en/thumb/9/9b/Qatar_Airways_Logo.svg/sri_lanka.png,From Sri Lanka1,"Katunayake, Sri Lanka1",www.srilankaairways1.com,1990
4353464344,Sri Lankan Airways1,Sri Lanka1,https://upload.wikimedia.org/wikipedia/en/thumb/9/9b/Qatar_Airways_Logo.svg/sri_lanka.png,From Sri Lanka1,"Katunayake, Sri Lanka1",www.srilankaairways1.com,1990
4353464348,Sri Lankan Airways1,Sri Lanka1,https://upload.wikimedia.org/wikipedia/en/thumb/9/9b/Qatar_Airways_Logo.svg/sri_lanka.png,From Sri Lanka1,"Katunayake, Sri Lanka1",www.srilankaairways1.com,1990
48084368179,Sri Lankan Airways1,Sri Lanka1,https://upload.wikimedia.org/wikipedia/en/thumb/9/9b/Qatar_Airways_Logo.svg/sri_lanka.png,From Sri Lanka1,"Katunayake, Sri Lanka1",www.srilankaairways1.com,1990
89950388866,Sri Lankan Airways1,Sri Lanka1,https://upload.wikimedia.org/wikipedia/en/thumb/9/9b/Qatar_Airways_Logo.svg/sri_lanka.png,From Sri Lanka1,"Katunayake, Sri Lanka1",www.srilankaairways1.com,1990
37479165848,Sri Lankan Airways1,Sri Lanka1,https://upload.wikimedia.org/wikipedia/en/thumb/9/9b/Qatar_Airways_Logo.svg/sri_lanka.png,From Sri Lanka1,"Katunayake, Sri Lanka1",www.srilankaairways1.com,1990
41986783289,Sri Lankan Airways1,Sri Lanka1,https://upload.wikimedia.org/wikipedia/en/thumb/9/9b/Qatar_Airways_Logo.svg/sri_lanka.png,From Sri Lanka1,"Katunayake, Sri Lanka1",www.srilankaairways1.com,1990
13686953622,Sri Lankan Airways1,Sri Lanka1,https://upload.wikimedia.org/wikipedia/en/thumb/9/9b/Qatar_Airways_Logo.svg/sri_lanka.png,From Sri Lanka1,"Katunayake, Sri Lanka1",www.srilankaairways1.com,1990
15457095125,Sri Lankan Airways1,Sri Lanka1,https://upload.wikimedia.org/wikipedia/en/thumb/9/9b/Qatar_Airways_Logo.svg/sri_lanka.png,From Sri Lanka1,"Katunayake, Sri Lanka1",www.srilankaairways1.com,1990
88222800236,Sri Lankan Airways1,Sri Lanka1,https://upload.wikimedia.org/wikipedia/en/thumb/9/9b/Qatar_Airways_Logo.svg/sri_lanka.png,From Sri Lanka1,"Katunayake, Sri Lanka1",www.srilankaairways1.com,1990
61142132237,Sri Lankan Airways1,Sri Lanka1,https://upload.wikimedia.org/wikipedia/en/thumb/9/9b/Qatar_Airways_Logo.svg/sri_lanka.png,From Sri Lanka1,"Katunayake, Sri Lanka1",www.srilankaairways1.com,1990
72912167318,Sri Lankan Airways1,Sri Lanka1,https://upload.wikimedia.org/wikipedia/en/thumb/9/9b/Qatar_Airways_Logo.svg/sri_lanka.png,From Sri Lanka1,"Katunayake, Sri Lanka1",www.srilankaairways1.com,1990
13629117837,Sri Lankan Airways1,Sri Lanka1,https://upload.wikimedia.org/wikipedia/en/thumb/9/9b/Qatar_Airways_Logo.svg/sri_lanka.png,From Sri Lanka1,"Katunayake, Sri Lanka1",www.srilankaairways1.com,1990
52282628210,Sri Lankan Airways1,Sri Lanka1,https://upload.wikimedia.org/wikipedia/en/thumb/9/9b/Qatar_Airways_Logo.svg/sri_lanka.png,From Sri Lanka1,"Katunayake, Sri Lanka1",www.srilankaairways1.com,1990
19443296713,Sri Lankan Airways1,Sri Lanka1,https://upload.wikimedia.org/wikipedia/en/thumb/9/9b/Qatar_Airways_Logo.svg/sri_lanka.png,From Sri Lanka1,"Katunayake, Sri Lanka1",www.srilankaairways1.com,1990
30662159069,Sri Lankan Airways1,Sri Lanka1,https://upload.wikimedia.org/wikipedia/en/thumb/9/9b/Qatar_Airways_Logo.svg/sri_lanka.png,From Sri Lanka1,"Katunayake, Sri Lanka1",www.srilankaairways1.com,1990
41532027803,Sri Lankan Airways1,Sri Lanka1,https://upload.wikimedia.org/wikipedia/en/thumb/9/9b/Qatar_Airways_Logo.svg/sri_lanka.png,From Sri Lanka1,"Katunayake, Sri Lanka1",www.srilankaairways1.com,1990
88026863493,Sri Lankan Airways1,Sri Lanka1,https://upload.wikimedia.org/wikipedia/en/thumb/9/9b/Qatar_Airways_Logo.svg/sri_lanka.png,From Sri Lanka1,"Katunayake, Sri Lanka1",www.srilankaairways1.com,1990
18914962293,Sri Lankan Airways1,Sri Lanka1,https://upload.wikimedia.org/wikipedia/en/thumb/9/9b/Qatar_Airways_Logo.svg/sri_lanka.png,From Sri Lanka1,"Katunayake, Sri Lanka1",www.srilankaairways1.com,1990
67873320838,Sri Lankan Airways1,Sri Lanka1,https://upload.wikimedia.org/wikipedia/en/thumb/9/9b/Qatar_Airways_Logo.svg/sri_lanka.png,From Sri Lanka1,"Katunayake, Sri Lanka1",www.srilankaairways1.com,1990
1313668,Sri Lankan Airways 666,Sri Lanka,https://upload.wikimedia.org/wikipedia/en/thumb/9/9b/Qatar_Airways_Logo.svg/sri_lanka.png,From Sri Lanka,"Katunayake, Sri Lanka",www.srilankaairways.com,1990
399,Sri Lankan Airways,Sri Lanka,https://upload.wikimedia.org/wikipedia/en/thumb/9/9b/Qatar_Airways_Logo.svg/sri_lanka.png,From Sri Lanka,"Katunayake, Sri Lanka",www.srilankaairways.com,1990
68155353310,Sri Lankan Airways1,Sri Lanka1,https://upload.wikimedia.org/wikipedia/en/thumb/9/9b/Qatar_Airways_Logo.svg/sri_lanka.png,From Sri Lanka1,"Katunayake, Sri Lanka1",www.srilankaairways1.com,1990
15434912997,Sri Lankan Airways1,Sri Lanka1,https://upload.wikimedia.org/wikipedia/en/thumb/9/9b/Qatar_Airways_Logo.svg/sri_lanka.png,From Sri Lanka1,"Katunayake, Sri Lanka1",www.srilankaairways1.com,1990
355,SimplyTravel_2,India,https://upload.wikimedia.org/wikipedia/en/thumb/9/9b/Qatar_Airways_Logo.svg/India.png,Travel in Leisure,"Mumbai, India",https://simply-travel.testsigma.com/,2000
356,QAir_2,US,https://upload.wikimedia.org/wikipedia/en/thumb/9/9b/Qatar_Airways_Logo.svg/India.png,Travel Everywhere,"California, US",https://travel.testsigma.com/,1997
46267497555,Sri Lankan Airways1,Sri Lanka1,https://upload.wikimedia.org/wikipedia/en/thumb/9/9b/Qatar_Airways_Logo.svg/sri_lanka.png,From Sri Lanka1,"Katunayake, Sri Lanka1",www.srilankaairways1.com,1990
27566162842,Sri Lankan Airways1,Sri Lanka1,https://upload.wikimedia.org/wikipedia/en/thumb/9/9b/Qatar_Airways_Logo.svg/sri_lanka.png,From Sri Lanka1,"Katunayake, Sri Lanka1",www.srilankaairways1.com,1990
55511201908,Sri Lankan Airways,Sri Lanka,https://upload.wikimedia.org/wikipedia/en/thumb/9/9b/Qatar_Airways_Logo.svg/sri_lanka.png,From Sri Lanka,"Katunayake, Sri Lanka",www.srilankaairways.com,1990
55549343165,Sri Lankan Airways,Sri Lanka,https://upload.wikimedia.org/wikipedia/en/thumb/9/9b/Qatar_Airways_Logo.svg/sri_lanka.png,From Sri Lanka,"Katunayake, Sri Lanka",www.srilankaairways.com,1990
444642942484,Sri Lankan Airways,Sri Lanka,https://upload.wikimedia.org/wikipedia/en/thumb/9/9b/Qatar_Airways_Logo.svg/sri_lanka.png,From Sri Lanka,"Katunayake, Sri Lanka",www.srilankaairways.com,1990
401,Sri Lankan Airways,Sri Lanka,https://upload.wikimedia.org/wikipedia/en/thumb/9/9b/Qatar_Airways_Logo.svg/sri_lanka.png,From Sri Lanka,"Katunayake, Sri Lanka",www.srilankaairways.com,1990
55518298076,Sri Lankan Airways,Sri Lanka,https://upload.wikimedia.org/wikipedia/en/thumb/9/9b/Qatar_Airways_Logo.svg/sri_lanka.png,From Sri Lanka,"Katunayake, Sri Lanka",www.srilankaairways.com,1990
55540913426,Sri Lankan Airways,Sri Lanka,https://upload.wikimedia.org/wikipedia/en/thumb/9/9b/Qatar_Airways_Logo.svg/sri_lanka.png,From Sri Lanka,"Katunayake, Sri Lanka",www.srilankaairways.com,1990
444740793576,Sri Lankan Airways,Sri Lanka,https://upload.wikimedia.org/wikipedia/en/thumb/9/9b/Qatar_Airways_Logo.svg/sri_lanka.png,From Sri Lanka,"Katunayake, Sri Lanka",www.srilankaairways.com,1990
55522604007,Sri Lankan Airways,Sri Lanka,https://upload.wikimedia.org/wikipedia/en/thumb/9/9b/Qatar_Airways_Logo.svg/sri_lanka.png,From Sri Lanka,"Katunayake, Sri Lanka",www.srilankaairways.com,1990
444743297262,Sri Lankan Airways,Sri Lanka,https://upload.wikimedia.org/wikipedia/en/thumb/9/9b/Qatar_Airways_Logo.svg/sri_lanka.png,From Sri Lanka,"Katunayake, Sri Lanka",www.srilankaairways.com,1990
357,SimplyTravel_2,India,https://upload.wikimedia.org/wikipedia/en/thumb/9/9b/Qatar_Airways_Logo.svg/India.png,Travel in Leisure,"Mumbai, India",https://simply-travel.testsigma.com/,2000
358,QAir_2,US,https://upload.wikimedia.org/wikipedia/en/thumb/9/9b/Qatar_Airways_Logo.svg/India.png,Travel Everywhere,"California, US",https://travel.testsigma.com/,1997
402,Sri Lankan Airways,Sri Lanka,https://upload.wikimedia.org/wikipedia/en/thumb/9/9b/Qatar_Airways_Logo.svg/sri_lanka.png,From Sri Lanka,"Katunayake, Sri Lanka",www.srilankaairways.com,1990
359,SimplyTravel_2,India,https://upload.wikimedia.org/wikipedia/en/thumb/9/9b/Qatar_Airways_Logo.svg/India.png,Travel in Leisure,"Mumbai, India",https://simply-travel.testsigma.com/,2000
360,QAir_2,US,https://upload.wikimedia.org/wikipedia/en/thumb/9/9b/Qatar_Airways_Logo.svg/India.png,Travel Everywhere,"California, US",https://travel.testsigma.com/,1997
48,New Linkers Airways,Wakanda,https://upload.wikimedia.org/wikipedia/en/thumb/9/9b/Qatar_Airways_Logo.svg/sri_lanka.png,From Wakanda,Forest Base,www.wakandalinkers.com,2023
6,New Linkers Airways,Wakanda,https://upload.wikimedia.org/wikipedia/en/thumb/9/9b/Qatar_Airways_Logo.svg/sri_lanka.png,From Wakanda,Forest Base,www.wakandalinkers.com,2023
3079,Air India,India,https://upload.wikimedia.org/wikipedia/en/thumb/9/9b/Qatar_Airways_Logo.svg/sri_lanka.png,From India,"CP, India",www.airindia.com,1990
13413432,Sri Lankan Airways,Sri Lanka,https://upload.wikimedia.org/wikipedia/en/thumb/9/9b/Qatar_Airways_Logo.svg/sri_lanka.png,From Sri Lanka,"Katunayake, Sri Lanka",www.srilankaairways.com,1990
11112,Sri Lankan Airways,Sri Lanka,https://upload.wikimedia.org/wikipedia/en/thumb/9/9b/Qatar_Airways_Logo.svg/sri_lanka.png,From Sri Lanka,"Katunayake, Sri Lanka",www.srilankaairways.com,1990
11113,Sri Lankan Airways,Sri Lanka,https://upload.wikimedia.org/wikipedia/en/thumb/9/9b/Qatar_Airways_Logo.svg/sri_lanka.png,From Sri Lanka,"Katunayake, Sri Lanka",www.srilankaairways.com,1990
11114,I am shivam,aman,,From Sri Lanka,"Katunayake, Sri Lanka",www.srilankaairways.com,1991
2013,Air Vijay India,Dhule,https://upload.wikimedia.org/wikipedia/en/thumb/9/9b/Qatar_Airways_Logo.svg/sri_lanka.png,From Pune,"Dhule, India",www.srilankaairways.com,1996
892287,Aman,,https://upload.wikimedia.org/wikipedia/en/thumb/9/9b/Qatar_Airways_Logo.svg/sri_lanka.png,India,Delhi,www.srilankaairways.com,2010
8922875,Aman,,,India,Delhi,www.srilankaairways.com,2010
765298,Miss Alfredo Becker,Nigeria,https://upload.wikimedia.org/wikipedia/en/thumb/9/9b/Qatar_Airways_Logo.svg/sri_lanka.png,"Keeling, Goldner and Wisozk","28103 Wan Flats, Steffaniechester, NE 11383-9866",conroy.org,1987
234567,Adelle Renner,Israel,https://upload.wikimedia.org/wikipedia/en/thumb/9/9b/Qatar_Airways_Logo.svg/sri_lanka.png,"Jaskolski, Sanford and Tremblay","467 Maryanna Station, Erminiashire, HI 66290-9862",welch.biz,1987
234587,Mr. Evan Smitham,Lebanon,https://upload.wikimedia.org/wikipedia/en/thumb/9/9b/Qatar_Airways_Logo.svg/sri_lanka.png,"Ratke, Moore and Morar","816 Ailene Station, Lazaroside, NC 54276",rutherford.net,1987
1234353,NISHA,Sri Lanka,https://upload.wikimedia.org/wikipedia/en/thumb/9/9b/Qatar_Airways_Logo.svg/sri_lanka.png,From Sri Lanka,"Katunayake, Sri Lanka",www.srilankaairways.com,1990
12033,Sri Lankan Airways,Sri Lanka,https://upload.wikimedia.org/wikipedia/en/thumb/9/9b/Qatar_Airways_Logo.svg/sri_lanka.png,From Sri Lanka,"Katunayake, Sri Lanka",www.srilankaairways.com,1990
55590614736,Sri Lankan Airways,Sri Lanka,https://upload.wikimedia.org/wikipedia/en/thumb/9/9b/Qatar_Airways_Logo.svg/sri_lanka.png,From Sri Lanka,"Katunayake, Sri Lanka",www.srilankaairways.com,1990
1237333,Sri Lankan Airways,Sri Lanka,https://upload.wikimedia.org/wikipedia/en/thumb/9/9b/Qatar_Airways_Logo.svg/sri_lanka.png,From Sri Lanka,"Katunayake, Sri Lanka",www.srilankaairways.com,1990
543,Sri Lankan Airways,Sri Lanka,https://upload.wikimedia.org/wikipedia/en/thumb/9/9b/Qatar_Airways_Logo.svg/sri_lanka.png,From Sri Lanka,"Katunayake, Sri Lanka",www.srilankaairways.com,1990
143143,Sri Lankan Airways,Sri Lanka,https://upload.wikimedia.org/wikipedia/en/thumb/9/9b/Qatar_Airways_Logo.svg/sri_lanka.png,From Sri Lanka,"Katunayake, Sri Lanka",www.srilankaairways.com,1990
143143143,Sri Lankan Airways,Sri Lanka,https://upload.wikimedia.org/wikipedia/en/thumb/9/9b/Qatar_Airways_Logo.svg/sri_lanka.png,From Sri Lanka,"Katunayake, Sri Lanka",www.srilankaairways.com,1990
4466415,Sri Lankan Airways,Sri Lanka,https://upload.wikimedia.org/wikipedia/en/thumb/9/9b/Qatar_Airways_Logo.svg/sri_lanka.png,From Sri Lanka,"Katunayake, Sri Lanka",www.srilankaairways.com,1990
757575,testing neeraj119,Sri Lanka,https://upload.wikimedia.org/wikipedia/en/thumb/9/9b/Qatar_Airways_Logo.svg/sri_lanka.png,From Sri Lanka,"Katunayake, Sri Lanka",www.srilankaairways.com,1990
8787878,testing neeraj5295,Sri Lanka,https://upload.wikimedia.org/wikipedia/en/thumb/9/9b/Qatar_Airways_Logo.svg/sri_lanka.png,From Sri Lanka,"Katunayake, Sri Lanka",www.srilankaairways.com,1990
7878787,testing neeraj759,Sri Lanka,https://upload.wikimedia.org/wikipedia/en/thumb/9/9b/Qatar_Airways_Logo.svg/sri_lanka.png,From Sri Lanka,"Katunayake, Sri Lanka",www.srilankaairways.com,1990
122222,Sri Lankan Airways,Sri Lanka,https://upload.wikimedia.org/wikipedia/en/thumb/9/9b/Qatar_Airways_Logo.svg/sri_lanka.png,From Sri Lanka,"Katunayake, Sri Lanka",www.srilankaairways.com,1902
5000,Alaska Airways,USA,https://upload.wikimedia.org/wikipedia/en/thumb/9/9b/Alaksa_Airlines.png,Fly High,Alaska,www.alaskaairlines.com,1994
12412121,Sri Lankan Airways new company,Sri Lanka,https://upload.wikimedia.org/wikipedia/en/thumb/9/9b/Qatar_Airways_Logo.svg/sri_lanka.png,From Sri Lanka,"Katunayake, Sri Lanka",www.srilankaairways.com,1998
1241212154545,Sri Lankan Airways new company,Sri Lanka,https://upload.wikimedia.org/wikipedia/en/thumb/9/9b/Qatar_Airways_Logo.svg/sri_lanka.png,From Sri Lanka,"Katunayake, Sri Lanka",www.srilankaairways.com,1998
563530000,Sri Lankan Airways new company,Sri Lanka,https://upload.wikimedia.org/wikipedia/en/thumb/9/9b/Qatar_Airways_Logo.svg/sri_lanka.png,From Sri Lanka,"Katunayake, Sri Lanka",www.srilankaairways.com,1998
4,munikk,au,https://upload.wikimedia.org/wikipedia/en/thumb/9/9b/Qatar_Airways_Logo.svg/hyd.png,From au,"kp, au",www.auairways.com,2012
1223,Sri Lankan Airways,Sri Lanka,https://upload.wikimedia.org/wikipedia/en/thumb/9/9b/Qatar_Airways_Logo.svg/sri_lanka.png,From Sri Lanka,"Katunayake, Sri Lanka",www.srilankaairways.com,1990
105231718,QA Airlines105-17:18:41,India,https://upload.wikimedia.org/wikipedia/en/thumb/9/9b/Qatar_Airways_Logo.svg/sri_lanka.png,Automation Testing,QA Head Quaters,https://www.lipsum.com/,2023
105231728,QA Airlines105-17:28:59,India,https://upload.wikimedia.org/wikipedia/en/thumb/9/9b/Qatar_Airways_Logo.svg/sri_lanka.png,Automation Testing,QA Head Quaters,https://www.lipsum.com/,2023
105231731,QA Airlines105-17:31:28,India,https://upload.wikimedia.org/wikipedia/en/thumb/9/9b/Qatar_Airways_Logo.svg/sri_lanka.png,Automation Testing,QA Head Quaters,https://www.lipsum.com/,2023
120,Sri Lankan Airways,Sri Lanka,https://upload.wikimedia.org/wikipedia/en/thumb/9/9b/Qatar_Airways_Logo.svg/sri_lanka.png,From Sri Lanka,"Katunayake, Sri Lanka",www.srilankaairways.com,1990
1000000000,Sri Lankan Airways,Sri Lanka,https://upload.wikimedia.org/wikipedia/en/thumb/9/9b/Qatar_Airways_Logo.svg/sri_lanka.png,From Sri Lanka,"Katunayake, Sri Lanka",www.srilankaairways.com,1990
1000000001,Sri Lankan Airways,Sri Lanka,https://upload.wikimedia.org/wikipedia/en/thumb/9/9b/Qatar_Airways_Logo.svg/sri_lanka.png,From Sri Lanka,"Katunayake, Sri Lanka",www.srilankaairways.com,1990
1000000002,Sri Lankan Airways,Sri Lanka,https://upload.wikimedia.org/wikipedia/en/thumb/9/9b/Qatar_Airways_Logo.svg/sri_lanka.png,From Sri Lanka,"Katunayake, Sri Lanka",www.srilankaairways.com,
1000000004,Sri Lankan Airways,Sri Lanka,https://upload.wikimedia.org/wikipedia/en/thumb/9/9b/Qatar_Airways_Logo.svg/sri_lanka.png,From Sri Lanka,"Katunayake, Sri Lanka",www.srilankaairways.com,
1000000005,Sri Lankan Airways,Sri Lanka,https://upload.wikimedia.org/wikipedia/en/thumb/9/9b/Qatar_Airways_Logo.svg/sri_lanka.png,From Sri Lanka,"Katunayake, Sri Lanka",www.srilankaairways.com,
121,Sri Lankan Airways,Sri Lanka,https://upload.wikimedia.org/wikipedia/en/thumb/9/9b/Qatar_Airways_Logo.svg/sri_lanka.png,From Sri Lanka,"Katunayake, Sri Lanka",www.srilankaairways.com,1990
1000000010,Sri Lankan Airways,Sri Lanka,https://upload.wikimedia.org/wikipedia/en/thumb/9/9b/Qatar_Airways_Logo.svg/sri_lanka.png,From Sri Lanka,101,www.srilankaairways.com,
1000,Quatar Airways,Quatar,https://upload.wikimedia.org/wikipedia/en/thumb/9/9b/Qatar_Airways_Logo.svg/300px-Qatar_Airways_Logo.svg.png,Going Places Together,"Qatar Airways Towers, Doha, Qatar",www.qatarairways.com,1994
700,Sri Lankan Airways,Sri Lanka,https://upload.wikimedia.org/wikipedia/en/thumb/9/9b/Qatar_Airways_Logo.svg/sri_lanka.png,From Sri Lanka,"Katunayake, Sri Lanka",www.srilankaairways.com,1990
1002,Quatar Airways,Quatar,https://upload.wikimedia.org/wikipedia/en/thumb/9/9b/Qatar_Airways_Logo.svg/300px-Qatar_Airways_Logo.svg.png,Going Places Together,"Qatar Airways Towers, Doha, Qatar",www.qatarairways.com,1994
1500,Sri Lankan Airways,Sri Lanka,https://upload.wikimedia.org/wikipedia/en/thumb/9/9b/Qatar_Airways_Logo.svg/sri_lanka.png,From Sri Lanka,"Katunayake, Sri Lanka",www.srilankaairways.com,1990
1003,Quatar Airways,Quatar,https://upload.wikimedia.org/wikipedia/en/thumb/9/9b/Qatar_Airways_Logo.svg/300px-Qatar_Airways_Logo.svg.png,Going Places Together,"Qatar Airways Towers, Doha, Qatar",www.qatarairways.com,1994
1004,Quatar Airways,Quatar,https://upload.wikimedia.org/wikipedia/en/thumb/9/9b/Qatar_Airways_Logo.svg/300px-Qatar_Airways_Logo.svg.png,Going Places Together,"Qatar Airways Towers, Doha, Qatar",www.qatarairways.com,1994
1005,Quatar Airways,Quatar,https://upload.wikimedia.org/wikipedia/en/thumb/9/9b/Qatar_Airways_Logo.svg/300px-Qatar_Airways_Logo.svg.png,Going Places Together,"Qatar Airways Towers, Doha, Qatar",www.qatarairways.com,1994
250,Sri Lankan Airways,Sri Lanka,https://upload.wikimedia.org/wikipedia/en/thumb/9/9b/Qatar_Airways_Logo.svg/sri_lanka.png,From Sri Lanka,"Katunayake, Sri Lanka",www.srilankaairways.com,1990
251,Sri Lankan Airways,Sri Lanka,https://upload.wikimedia.org/wikipedia/en/thumb/9/9b/Qatar_Airways_Logo.svg/sri_lanka.png,From Sri Lanka,"Katunayake, Sri Lanka",www.srilankaairways.com,1990
252,Jayashree,India,IND,INDIAN,,https://indair.com,
1252,Sri Lankan Airways,Sri Lanka,https://upload.wikimedia.org/wikipedia/en/thumb/9/9b/Qatar_Airways_Logo.svg/sri_lanka.png,From Sri Lanka,"Katunayake, Sri Lanka",www.srilankaairways.com,1990
253,Jayashree,India,IND,INDIAN,,https://indair.com,
254,Jayashree,India,IND,INDIAN,,https://indair.com,
19912365,Quatar Airways,Quatar,https://upload.wikimedia.org/wikipedia/en/thumb/9/9b/Qatar_Airways_Logo.svg/300px-Qatar_Airways_Logo.svg.png,Going Places Together,"Qatar Airways Towers, Doha, Qatar",www.qatarairways.com,1994
123456,Sri Lankan Airways,Sri Lanka,https://upload.wikimedia.org/wikipedia/en/thumb/9/9b/Qatar_Airways_Logo.svg/sri_lanka.png,From Sri Lanka,"Katunayake, Sri Lanka",www.srilankaairways.com,1990
6789,John Doe,,,,,,
1992,John Doe,,,,,,
45644,Sri Lankan Airways,Sri Lanka,https://upload.wikimedia.org/wikipedia/en/thumb/9/9b/Qatar_Airways_Logo.svg/sri_lanka.png,From Sri Lanka,"Katunayake, Sri Lanka",www.srilankaairways.com,1990
5670,India Airways,Sri Lanka,https://upload.wikimedia.org/wikipedia/en/thumb/9/9b/Qatar_Airways_Logo.svg/sri_lanka.png,From Sri Lanka,"Katunayake, Sri Lanka",www.srilankaairways.com,1990
122,sxczx,asa,11233,okkkkkkoooo,damoh,damog,
2955,TestAirplaneName2955,Sri Lanka,https://upload.wikimedia.org/wikipedia/en/thumb/9/9b/Qatar_Airways_Logo.svg/sri_lanka.png,From Sri Lanka,"Katunayake, Sri Lanka",www.srilankaairways.com,1990
2581,TestAirplaneName2581,Sri Lanka,https://upload.wikimedia.org/wikipedia/en/thumb/9/9b/Qatar_Airways_Logo.svg/sri_lanka.png,From Sri Lanka,"Katunayake, Sri Lanka",www.srilankaairways.com,1990
842,TestAirplaneName842,Sri Lanka,https://upload.wikimedia.org/wikipedia/en/thumb/9/9b/Qatar_Airways_Logo.svg/sri_lanka.png,From Sri Lanka,"Katunayake, Sri Lanka",www.srilankaairways.com,1990
7737,TestAirplaneName7737,Sri Lanka,https://upload.wikimedia.org/wikipedia/en/thumb/9/9b/Qatar_Airways_Logo.svg/sri_lanka.png,From Sri Lanka,"Katunayake, Sri Lanka",www.srilankaairways.com,1990
6404,TestAirplaneName6404,Sri Lanka,https://upload.wikimedia.org/wikipedia/en/thumb/9/9b/Qatar_Airways_Logo.svg/sri_lanka.png,From Sri Lanka,"Katunayake, Sri Lanka",www.srilankaairways.com,1990
61,TestAirplaneName61,Sri Lanka,https://upload.wikimedia.org/wikipedia/en/thumb/9/9b/Qatar_Airways_Logo.svg/sri_lanka.png,From Sri Lanka,"Katunayake, Sri Lanka",www.srilankaairways.com,1990
3707,TestAirplaneName3707,Sri Lanka,https://upload.wikimedia.org/wikipedia/en/thumb/9/9b/Qatar_Airways_Logo.svg/sri_lanka.png,From Sri Lanka,"Katunayake, Sri Lanka",www.srilankaairways.com,1990
3577,TestAirplaneName3577,Sri Lanka,https://upload.wikimedia.org/wikipedia/en/thumb/9/9b/Qatar_Airways_Logo.svg/sri_lanka.png,From Sri Lanka,"Katunayake, Sri Lanka",www.srilankaairways.com,1990
255,Jayashree,India,IND,INDIAN,,https://indair.com,
7720,TestAirplaneName7720,Sri Lanka,https://upload.wikimedia.org/wikipedia/en/thumb/9/9b/Qatar_Airways_Logo.svg/sri_lanka.png,From Sri Lanka,"Katunayake, Sri Lanka",www.srilankaairways.com,1990
257,Jayashree,India,IND,INDIAN,,https://indair.com,
258,Jayashree,India,IND,INDIAN,,https://indair.com,
259,Jayashree,India,IND,INDIAN,,https://indair.com,
32,New Linkers Airways,Wakanda,https://upload.wikimedia.org/wikipedia/en/thumb/9/9b/Qatar_Airways_Logo.svg/sri_lanka.png,From Wakanda,Forest Base,www.wakandalinkers.com,2023
260,Jayashree,India,IND,INDIAN,,https://indair.com,
54,New Linkers Airways,Wakanda,https://upload.wikimedia.org/wikipedia/en/thumb/9/9b/Qatar_Airways_Logo.svg/sri_lanka.png,From Wakanda,Forest Base,www.wakandalinkers.com,2023
94,New Linkers Airways,Wakanda,https://upload.wikimedia.org/wikipedia/en/thumb/9/9b/Qatar_Airways_Logo.svg/sri_lanka.png,From Wakanda,Forest Base,www.wakandalinkers.com,2023
261,Jayashree,India,IND,INDIAN,,https://indair.com,
7890,Sri Lankan Airways,Sri Lanka,https://upload.wikimedia.org/wikipedia/en/thumb/9/9b/Qatar_Airways_Logo.svg/sri_lanka.png,From Sri Lanka,"Katunayake, Sri Lanka",www.srilankaairways.com,1990
262,Jayashree,India,IND,INDIAN,,https://indair.com,
205231744,QA Airlines02052317442,India,https://qa.demo.org/qatesting.png,Automation Testing,QA Head Quaters,https://www.lipsum.com/,2023
1890,Quatar Airways,Quatar,https://upload.wikimedia.org/wikipedia/en/thumb/9/9b/Qatar_Airways_Logo.svg/300px-Qatar_Airways_Logo.svg.png,Going Places Together,"Qatar Airways Towers, Doha, Qatar",www.qatarairways.com,1994
1542,Sri Lankan Airways,Sri Lanka,https://upload.wikimedia.org/wikipedia/en/thumb/9/9b/Qatar_Airways_Logo.svg/sri_lanka.png,From Sri Lanka,"Katunayake, Sri Lanka",www.srilankaairways.com,1990
5475,New,India,5475,5475,,5475,5475
54675,New,India,5475,5475,,5475,5475
5082409400,Burl,San Marino,ZHbETyGVtsnHczf,toeibsSmiCDYiHR,,https://yowihfUxQC.com,
3434,My Application,India,https://www.javainuse.com/pojo,5475,,https://www.javainuse.com/pojo,5475
155,Sri Lankan Airways,Sri Lanka,https://upload.wikimedia.org/wikipedia/en/thumb/9/9b/Qatar_Airways_Logo.svg/sri_lanka.png,From Sri Lanka,"Katunayake, Sri Lanka",www.srilankaairways.com,1990
195,Sri Lankan Airways,Sri Lanka,https://upload.wikimedia.org/wikipedia/en/thumb/9/9b/Qatar_Airways_Logo.svg/sri_lanka.png,From Sri Lanka,"Katunayake, Sri Lanka",www.srilankaairways.com,1990
34267,Sri Lankan Airways,Sri Lanka,https://upload.wikimedia.org/wikipedia/en/thumb/9/9b/Qatar_Airways_Logo.svg/sri_lanka.png,From Sri Lanka,"Katunayake, Sri Lanka",www.srilankaairways.com,1990
34269,Sri Lankan Airways,Sri Lanka,https://upload.wikimedia.org/wikipedia/en/thumb/9/9b/Qatar_Airways_Logo.svg/sri_lanka.png,From Sri Lanka,"Katunayake, Sri Lanka",www.srilankaairways.com,1990
22222,asdd,dddddddddddd,56295,ddddddddd,dddddddddd,dddddddddddd,1293
342671,Sri Lankan Airways,Sri Lanka,https://upload.wikimedia.org/wikipedia/en/thumb/9/9b/Qatar_Airways_Logo.svg/sri_lanka.png,From Sri Lanka,"Katunayake, Sri Lanka",www.srilankaairways.com,1990
9821,TestAirplaneName9821,Sri Lanka,https://upload.wikimedia.org/wikipedia/en/thumb/9/9b/Qatar_Airways_Logo.svg/sri_lanka.png,From Sri Lanka,"Katunayake, Sri Lanka",www.srilankaairways.com,1990
1006,Quatar Airways,Quatar,https://upload.wikimedia.org/wikipedia/en/thumb/9/9b/Qatar_Airways_Logo.svg/300px-Qatar_Airways_Logo.svg.png,Going Places Together,"Qatar Airways Towers, Doha, Qatar",www.qatarairways.com,1994
2677,Sri Lankan Airways,Sri Lanka,https://upload.wikimedia.org/wikipedia/en/thumb/9/9b/Qatar_Airways_Logo.svg/sri_lanka.png,From Sri Lanka,"Katunayake, Sri Lanka",www.srilankaairways.com,1990
636,TestAirplaneName636,Sri Lanka,https://upload.wikimedia.org/wikipedia/en/thumb/9/9b/Qatar_Airways_Logo.svg/sri_lanka.png,From Sri Lanka,"Katunayake, Sri Lanka",www.srilankaairways.com,1990
406,TestAirplaneName406,Sri Lanka,https://upload.wikimedia.org/wikipedia/en/thumb/9/9b/Qatar_Airways_Logo.svg/sri_lanka.png,From Sri Lanka,"Katunayake, Sri Lanka",www.srilankaairways.com,1990
2228,TestAirplaneName2228,Sri Lanka,https://upload.wikimedia.org/wikipedia/en/thumb/9/9b/Qatar_Airways_Logo.svg/sri_lanka.png,From Sri Lanka,"Katunayake, Sri Lanka",www.srilankaairways.com,1990
3210,TestAirplaneName3210,Sri Lanka,https://upload.wikimedia.org/wikipedia/en/thumb/9/9b/Qatar_Airways_Logo.svg/sri_lanka.png,From Sri Lanka,"Katunayake, Sri Lanka",www.srilankaairways.com,1990
6235,TestAirplaneName6235,Sri Lanka,https://upload.wikimedia.org/wikipedia/en/thumb/9/9b/Qatar_Airways_Logo.svg/sri_lanka.png,From Sri Lanka,"Katunayake, Sri Lanka",www.srilankaairways.com,1990
5573453895258,{{setAirplaneName}},Sri Lanka,https://upload.wikimedia.org/wikipedia/en/thumb/9/9b/Qatar_Airways_Logo.svg/sri_lanka.png,From Sri Lanka,"Katunayake, Sri Lanka",www.srilankaairways.com,1990
8175160488186,TestAirplaneName8175160488186,Sri Lanka,https://upload.wikimedia.org/wikipedia/en/thumb/9/9b/Qatar_Airways_Logo.svg/sri_lanka.png,From Sri Lanka,"Katunayake, Sri Lanka",www.srilankaairways.com,1990
6808172919132,TestAirplaneName6808172919132,Sri Lanka,https://upload.wikimedia.org/wikipedia/en/thumb/9/9b/Qatar_Airways_Logo.svg/sri_lanka.png,From Sri Lanka,"Katunayake, Sri Lanka",www.srilankaairways.com,1990
4849,TestAirplaneName4849,Sri Lanka,https://upload.wikimedia.org/wikipedia/en/thumb/9/9b/Qatar_Airways_Logo.svg/sri_lanka.png,From Sri Lanka,"Katunayake, Sri Lanka",www.srilankaairways.com,1990
4605,TestAirplaneName4605,Sri Lanka,https://upload.wikimedia.org/wikipedia/en/thumb/9/9b/Qatar_Airways_Logo.svg/sri_lanka.png,From Sri Lanka,"Katunayake, Sri Lanka",www.srilankaairways.com,1990
7174,TestAirplaneName7174,Sri Lanka,https://upload.wikimedia.org/wikipedia/en/thumb/9/9b/Qatar_Airways_Logo.svg/sri_lanka.png,From Sri Lanka,"Katunayake, Sri Lanka",www.srilankaairways.com,1990
75,TestAirplaneName75,Sri Lanka,https://upload.wikimedia.org/wikipedia/en/thumb/9/9b/Qatar_Airways_Logo.svg/sri_lanka.png,From Sri Lanka,"Katunayake, Sri Lanka",www.srilankaairways.com,1990
239274,Michale,Somalia,SipUWPRBdT,GPFQpNBeKA,,https://aKaNbPghjH.com,2023
8618,TestAirplaneName8618,Sri Lanka,https://upload.wikimedia.org/wikipedia/en/thumb/9/9b/Qatar_Airways_Logo.svg/sri_lanka.png,From Sri Lanka,"Katunayake, Sri Lanka",www.srilankaairways.com,1990
5603,TestAirplaneName5603,Sri Lanka,https://upload.wikimedia.org/wikipedia/en/thumb/9/9b/Qatar_Airways_Logo.svg/sri_lanka.png,From Sri Lanka,"Katunayake, Sri Lanka",www.srilankaairways.com,1990
3158,TestAirplaneName3158,Sri Lanka,https://upload.wikimedia.org/wikipedia/en/thumb/9/9b/Qatar_Airways_Logo.svg/sri_lanka.png,From Sri Lanka,"Katunayake, Sri Lanka",www.srilankaairways.com,1990
8196,TestAirplaneName8196,Sri Lanka,https://upload.wikimedia.org/wikipedia/en/thumb/9/9b/Qatar_Airways_Logo.svg/sri_lanka.png,From Sri Lanka,"Katunayake, Sri Lanka",www.srilankaairways.com,1990
4483,TestAirplaneName4483,Sri Lanka,https://upload.wikimedia.org/wikipedia/en/thumb/9/9b/Qatar_Airways_Logo.svg/sri_lanka.png,From Sri Lanka,"Katunayake, Sri Lanka",www.srilankaairways.com,1990
440255,manas,Eritrea,TqKKAyYLpU,RBycyacfgn,,https://UwnfgNrzcy.com,2023
99999992,madalyn.net,Niue,https://upload.wikimedia.org/wikipedia/en/thumb/9/9b/Qatar_Airways_Logo.svg/sri_lanka.png,From Sri Lanka,"Katunayake, Sri Lanka",www.srilankaairways.com,1990
358628,manas,Moldova,oTWNzAkqGH,VMXTRAHFmu,,https://mQJrXQMBeu.com,2023
152,Sri Lankan Airways,Sri Lanka,https://upload.wikimedia.org/wikipedia/en/thumb/9/9b/Qatar_Airways_Logo.svg/sri_lanka.png,From Sri Lanka,"Katunayake, Sri Lanka",www.srilankaairways.com,1990
1008,Quatar Airways,Quatar,https://upload.wikimedia.org/wikipedia/en/thumb/9/9b/Qatar_Airways_Logo.svg/300px-Qatar_Airways_Logo.svg.png,Going Places Together,"Qatar Airways Towers, Doha, Qatar",www.qatarairways.com,1994
1009,Quatar Airways,Quatar,https://upload.wikimedia.org/wikipedia/en/thumb/9/9b/Qatar_Airways_Logo.svg/300px-Qatar_Airways_Logo.svg.png,Going Places Together,"Qatar Airways Towers, Doha, Qatar",www.qatarairways.com,1994
1010,Quatar Airways,Quatar,https://upload.wikimedia.org/wikipedia/en/thumb/9/9b/Qatar_Airways_Logo.svg/300px-Qatar_Airways_Logo.svg.png,Going Places Together,"Qatar Airways Towers, Doha, Qatar",www.qatarairways.com,1994
1011,Quatar Airways,Quatar,https://upload.wikimedia.org/wikipedia/en/thumb/9/9b/Qatar_Airways_Logo.svg/300px-Qatar_Airways_Logo.svg.png,Going Places Together,"Qatar Airways Towers, Doha, Qatar",www.qatarairways.com,1994
43,New Linkers Airways,Wakanda,https://upload.wikimedia.org/wikipedia/en/thumb/9/9b/Qatar_Airways_Logo.svg/sri_lanka.png,From Wakanda,Forest Base,www.wakandalinkers.com,2023
79,New Linkers Airways,Wakanda,https://upload.wikimedia.org/wikipedia/en/thumb/9/9b/Qatar_Airways_Logo.svg/sri_lanka.png,From Wakanda,Forest Base,www.wakandalinkers.com,2023
21,New Linkers Airways,Wakanda,https://upload.wikimedia.org/wikipedia/en/thumb/9/9b/Qatar_Airways_Logo.svg/sri_lanka.png,From Wakanda,Forest Base,www.wakandalinkers.com,2023
42,New Linkers Airways,Wakanda,https://upload.wikimedia.org/wikipedia/en/thumb/9/9b/Qatar_Airways_Logo.svg/sri_lanka.png,From Wakanda,Forest Base,www.wakandalinkers.com,2023
6543,Sri Lankan Airways,Sri Lanka,https://upload.wikimedia.org/wikipedia/en/thumb/9/9b/Qatar_Airways_Logo.svg/sri_lanka.png,From Sri Lanka,"Katunayake, Sri Lanka",www.srilankaairways.com,1990
28,New Linkers Airways,Wakanda,https://upload.wikimedia.org/wikipedia/en/thumb/9/9b/Qatar_Airways_Logo.svg/sri_lanka.png,From Wakanda,Forest Base,www.wakandalinkers.com,2023
213923,manas,Russian Federation,YBzDJFUZpx,ugiHiSGYdS,,https://cTugRzcRhL.com,2023
1532,TestAirplaneName1532,Sri Lanka,https://upload.wikimedia.org/wikipedia/en/thumb/9/9b/Qatar_Airways_Logo.svg/sri_lanka.png,From Sri Lanka,"Katunayake, Sri Lanka",www.srilankaairways.com,1990
12465746,Sri Lankan Airways,Sri Lanka,https://upload.wikimedia.org/wikipedia/en/thumb/9/9b/Qatar_Airways_Logo.svg/sri_lanka.png,From Sri Lanka,"Katunayake, Sri Lanka",www.srilankaairways.com,1990
213,Abhishek Airways,Sri Lanka,https://upload.wikimedia.org/wikipedia/en/thumb/9/9b/Qatar_Airways_Logo.svg/sri_lanka.png,From Sri Lanka,"Katunayake, Sri Lanka",www.srilankaairways.com,1990
143,Air Tralala,India,https://upload.wikimedia.org/wikipedia/en/thumb/e/e3/Air_India_Logo.svg/250px-Air_India_Logo.svg.png,Your Palace in the Sky,,https://www.airindia.in,1990
12465747,Sri Lankan Airways,Sri Lanka,https://upload.wikimedia.org/wikipedia/en/thumb/9/9b/Qatar_Airways_Logo.svg/sri_lanka.png,From Sri Lanka,"Katunayake, Sri Lanka",www.srilankaairways.com,1990
92,Sri Lankan Airways,Sri Lanka,https://upload.wikimedia.org/wikipedia/en/thumb/9/9b/Qatar_Airways_Logo.svg/sri_lanka.png,From Sri Lanka,"Katunayake, Sri Lanka",www.srilankaairways.com,1990
972,Vistara,India,https://upload.wikimedia.org/wikipedia/en/thumb/9/9b/Qatar_Airways_Logo.svg/sri_lanka.png,Vistara,"Mumbai, India",www.vistara.com,2016
12465748,Sri Lankan Airways,Sri Lanka,https://upload.wikimedia.org/wikipedia/en/thumb/9/9b/Qatar_Airways_Logo.svg/sri_lanka.png,From Sri Lanka,"Katunayake, Sri Lanka",www.srilankaairways.com,1990
12465749,Sri Lankan Airways,Sri Lanka,https://upload.wikimedia.org/wikipedia/en/thumb/9/9b/Qatar_Airways_Logo.svg/sri_lanka.png,From Sri Lanka,"Katunayake, Sri Lanka",www.srilankaairways.com,1990
12465759,Sri Lankan Airways,Sri Lanka,https://upload.wikimedia.org/wikipedia/en/thumb/9/9b/Qatar_Airways_Logo.svg/sri_lanka.png,From Sri Lanka,"Katunayake, Sri Lanka",www.srilankaairways.com,1990
12465760,Sri Lankan Airways,Sri Lanka,https://upload.wikimedia.org/wikipedia/en/thumb/9/9b/Qatar_Airways_Logo.svg/sri_lanka.png,From Sri Lanka,"Katunayake, Sri Lanka, Sri Lanka",www.srilankaairways.com,1990
12465761,Sri Lankan Airways,Sri Lanka,https://upload.wikimedia.org/wikipedia/en/thumb/9/9b/Qatar_Airways_Logo.svg/sri_lanka.png,From Sri Lanka,"Katunayake, Sri Lanka",www.srilankaairways.com,1990
12465762,Sri Lankan Airways,Sri Lanka,https://upload.wikimedia.org/wikipedia/en/thumb/9/9b/Qatar_Airways_Logo.svg/sri_lanka.png,From Sri Lanka,"Katunayake, Sri Lanka",www.srilankaairways.com,1990
7856,TestAirplaneName7856,Sri Lanka,https://upload.wikimedia.org/wikipedia/en/thumb/9/9b/Qatar_Airways_Logo.svg/sri_lanka.png,From Sri Lanka,"Katunayake, Sri Lanka",www.srilankaairways.com,1990
1246,TestAirplaneName1246,Sri Lanka,https://upload.wikimedia.org/wikipedia/en/thumb/9/9b/Qatar_Airways_Logo.svg/sri_lanka.png,From Sri Lanka,"Katunayake, Sri Lanka",www.srilankaairways.com,1990
19851,Test Airlines,Test Country,https://upload.wikimedia.org/wikipedia/en/thumb/9/9b/Qatar_Airways_Logo.svg/sri_lanka.png,From Test Country,"Ceylon, Sri Lanka",www.testairlines.com,1990
8202,TestAirplaneName8202,Sri Lanka,https://upload.wikimedia.org/wikipedia/en/thumb/9/9b/Qatar_Airways_Logo.svg/sri_lanka.png,From Sri Lanka,"Katunayake, Sri Lanka",www.srilankaairways.com,1990
50,Surat Airways,Sri Lanka,https://upload.wikimedia.org/wikipedia/en/thumb/9/9b/Qatar_Airways_Logo.svg/sri_lanka.png,From Surat,Surat,www.suratairways.com,2000
51,Ganesh,,https://upload.wikimedia.org/wikipedia/en/thumb/9/9b/Qatar_Airways_Logo.svg/sri_lanka.png,From India,India,www.suratairways.com,1800
52,Ganesh,,https://upload.wikimedia.org/wikipedia/en/thumb/9/9b/Qatar_Airways_Logo.svg/sri_lanka.png,From India,India,www.suratairways.com,1800
7079,TestAirplaneName7079,Sri Lanka,https://upload.wikimedia.org/wikipedia/en/thumb/9/9b/Qatar_Airways_Logo.svg/sri_lanka.png,From Sri Lanka,"Katunayake, Sri Lanka",www.srilankaairways.com,1990
7750,TestAirplaneName7750,Sri Lanka,https://upload.wikimedia.org/wikipedia/en/thumb/9/9b/Qatar_Airways_Logo.svg/sri_lanka.png,From Sri Lanka,"Katunayake, Sri Lanka",www.srilankaairways.com,1990
9054,TestAirplaneName9054,Sri Lanka,https://upload.wikimedia.org/wikipedia/en/thumb/9/9b/Qatar_Airways_Logo.svg/sri_lanka.png,From Sri Lanka,"Katunayake, Sri Lanka",www.srilankaairways.com,1990
60,Ganesh,,https://upload.wikimedia.org/wikipedia/en/thumb/9/9b/Qatar_Airways_Logo.svg/sri_lanka.png,From India,India,www.suratairways.com,1800
53,abcd,,https://upload.wikimedia.org/wikipedia/en/thumb/9/9b/Qatar_Airways_Logo.svg/sri_lanka.png,From India,India,www.envisionesl.com,1995
55,ijkl,,https://upload.wikimedia.org/wikipedia/en/thumb/9/9b/Qatar_Airways_Logo.svg/sri_lanka.png,From India,India,www.envisionesl.com,1993
56,mnop,,https://upload.wikimedia.org/wikipedia/en/thumb/9/9b/Qatar_Airways_Logo.svg/sri_lanka.png,From India,India,www.envisionesl.com,1992
3621,TestAirplaneName3621,Sri Lanka,https://upload.wikimedia.org/wikipedia/en/thumb/9/9b/Qatar_Airways_Logo.svg/sri_lanka.png,From Sri Lanka,"Katunayake, Sri Lanka",www.srilankaairways.com,1990
7679,TestAirplaneName7679,Sri Lanka,https://upload.wikimedia.org/wikipedia/en/thumb/9/9b/Qatar_Airways_Logo.svg/sri_lanka.png,From Sri Lanka,"Katunayake, Sri Lanka",www.srilankaairways.com,1990
9945,TestAirplaneName9945,Sri Lanka,https://upload.wikimedia.org/wikipedia/en/thumb/9/9b/Qatar_Airways_Logo.svg/sri_lanka.png,From Sri Lanka,"Katunayake, Sri Lanka",www.srilankaairways.com,1990
6250,TestAirplaneName6250,Sri Lanka,https://upload.wikimedia.org/wikipedia/en/thumb/9/9b/Qatar_Airways_Logo.svg/sri_lanka.png,From Sri Lanka,"Katunayake, Sri Lanka",www.srilankaairways.com,1990
9098,TestAirplaneName9098,Sri Lanka,https://upload.wikimedia.org/wikipedia/en/thumb/9/9b/Qatar_Airways_Logo.svg/sri_lanka.png,From Sri Lanka,"Katunayake, Sri Lanka",www.srilankaairways.com,1990
8633,TestAirplaneName8633,Sri Lanka,https://upload.wikimedia.org/wikipedia/en/thumb/9/9b/Qatar_Airways_Logo.svg/sri_lanka.png,From Sri Lanka,"Katunayake, Sri Lanka",www.srilankaairways.com,1990
7986,TestAirplaneName7986,Sri Lanka,https://upload.wikimedia.org/wikipedia/en/thumb/9/9b/Qatar_Airways_Logo.svg/sri_lanka.png,From Sri Lanka,"Katunayake, Sri Lanka",www.srilankaairways.com,1990
1354,TestAirplaneName1354,Sri Lanka,https://upload.wikimedia.org/wikipedia/en/thumb/9/9b/Qatar_Airways_Logo.svg/sri_lanka.png,From Sri Lanka,"Katunayake, Sri Lanka",www.srilankaairways.com,1990
7394,TestAirplaneName7394,Sri Lanka,https://upload.wikimedia.org/wikipedia/en/thumb/9/9b/Qatar_Airways_Logo.svg/sri_lanka.png,From Sri Lanka,"Katunayake, Sri Lanka",www.srilankaairways.com,1990
6263,TestAirplaneName6263,Sri Lanka,https://upload.wikimedia.org/wikipedia/en/thumb/9/9b/Qatar_Airways_Logo.svg/sri_lanka.png,From Sri Lanka,"Katunayake, Sri Lanka",www.srilankaairways.com,1990
2629,TestAirplaneName2629,Sri Lanka,https://upload.wikimedia.org/wikipedia/en/thumb/9/9b/Qatar_Airways_Logo.svg/sri_lanka.png,From Sri Lanka,"Katunayake, Sri Lanka",www.srilankaairways.com,1990
1241,TestAirplaneName1241,Sri Lanka,https://upload.wikimedia.org/wikipedia/en/thumb/9/9b/Qatar_Airways_Logo.svg/sri_lanka.png,From Sri Lanka,"Katunayake, Sri Lanka",www.srilankaairways.com,1990
1057,TestAirplaneName1057,Sri Lanka,https://upload.wikimedia.org/wikipedia/en/thumb/9/9b/Qatar_Airways_Logo.svg/sri_lanka.png,From Sri Lanka,"Katunayake, Sri Lanka",www.srilankaairways.com,1990
9849,TestAirplaneName9849,Sri Lanka,https://upload.wikimedia.org/wikipedia/en/thumb/9/9b/Qatar_Airways_Logo.svg/sri_lanka.png,From Sri Lanka,"Katunayake, Sri Lanka",www.srilankaairways.com,1990
2281,TestAirplaneName2281,Sri Lanka,https://upload.wikimedia.org/wikipedia/en/thumb/9/9b/Qatar_Airways_Logo.svg/sri_lanka.png,From Sri Lanka,"Katunayake, Sri Lanka",www.srilankaairways.com,1990
1222224444,Indian airways,India,https://upload.wikimedia.org/wikipedia/en/thumb/9/9b/Qatar_Airways_Logo.svg/sri_lanka.png,From India,"Katunayake, Sri Lanka",www.srilankaairways.com,2000
65,abcd,,https://upload.wikimedia.org/wikipedia/en/thumb/9/9b/Qatar_Airways_Logo.svg/sri_lanka.png,From India,India,www.envisionesl.com,1995
66,efgh,,https://upload.wikimedia.org/wikipedia/en/thumb/9/9b/Qatar_Airways_Logo.svg/sri_lanka.png,From India,India,www.envisionesl.com,1994
67,ijkl,,https://upload.wikimedia.org/wikipedia/en/thumb/9/9b/Qatar_Airways_Logo.svg/sri_lanka.png,From India,India,www.envisionesl.com,1993
68,mnop,,https://upload.wikimedia.org/wikipedia/en/thumb/9/9b/Qatar_Airways_Logo.svg/sri_lanka.png,From India,India,www.envisionesl.com,1992
7376,TestAirplaneName7376,Sri Lanka,https://upload.wikimedia.org/wikipedia/en/thumb/9/9b/Qatar_Airways_Logo.svg/sri_lanka.png,From Sri Lanka,"Katunayake, Sri Lanka",www.srilankaairways.com,1990
70,abcd,,https://upload.wikimedia.org/wikipedia/en/thumb/9/9b/Qatar_Airways_Logo.svg/sri_lanka.png,From India,India,www.envisionesl.com,1995
71,efgh,,https://upload.wikimedia.org/wikipedia/en/thumb/9/9b/Qatar_Airways_Logo.svg/sri_lanka.png,From India,India,www.envisionesl.com,1994
72,ijkl,,https://upload.wikimedia.org/wikipedia/en/thumb/9/9b/Qatar_Airways_Logo.svg/sri_lanka.png,From India,India,www.envisionesl.com,1993
73,mnop,,https://upload.wikimedia.org/wikipedia/en/thumb/9/9b/Qatar_Airways_Logo.svg/sri_lanka.png,From India,India,www.envisionesl.com,1992
74,abcd,,https://upload.wikimedia.org/wikipedia/en/thumb/9/9b/Qatar_Airways_Logo.svg/sri_lanka.png,From India,India,www.envisionesl.com,1995
76,ijkl,,https://upload.wikimedia.org/wikipedia/en/thumb/9/9b/Qatar_Airways_Logo.svg/sri_lanka.png,From India,India,www.envisionesl.com,1993
77,mnop,,https://upload.wikimedia.org/wikipedia/en/thumb/9/9b/Qatar_Airways_Logo.svg/sri_lanka.png,From India,India,www.envisionesl.com,1992
888888888,Indian Airways,Indian,https://upload.wikimedia.org/wikipedia/en/thumb/9/9b/Qatar_Airways_Logo.svg/sri_lanka.png,From Indian,"Katunayake, Indian",www.srilankaairways.com,2000
1221,Sri Lankan Airways,Sri Lanka,https://upload.wikimedia.org/wikipedia/en/thumb/9/9b/Qatar_Airways_Logo.svg/sri_lanka.png,From Sri Lanka,"Katunayake, Sri Lanka",www.srilankaairways.com,1990
1222,Emirates Airways,UAE,https://upload.wikimedia.org/wikipedia/en/thumb/9/9b/Qatar_Airways_Logo.svg/sri_lanka.png,From Dubai,Dubai,www.uaeairways.com,2012
182,Sri Lankan Airways,Sri Lanka,https://upload.wikimedia.org/wikipedia/en/thumb/9/9b/Qatar_Airways_Logo.svg/sri_lanka.png,From Sri Lanka,"Katunayake, Sri Lanka",www.srilankaairways.com,1990
1111,Sri Lankan Airways,Sri Lanka,https://upload.wikimedia.org/wikipedia/en/thumb/9/9b/Qatar_Airways_Logo.svg/sri_lanka.png,From Sri Lanka,"Katunayake, Sri Lanka",www.srilankaairways.com,1990
1212,Sri Lankan Airways,Sri Lanka,https://upload.wikimedia.org/wikipedia/en/thumb/9/9b/Qatar_Airways_Logo.svg/sri_lanka.png,From Sri Lanka,"Katunayake, Sri Lanka",www.srilankaairways.com,1990
5,Sri Lankan Airways 667,Sri Lanka,https://upload.wikimedia.org/wikipedia/en/thumb/9/9b/Qatar_Airways_Logo.svg/sri_lanka.png,From Sri Lanka,"Katunayake, Sri Lanka",www.srilankaairways.com,1990
12134,Sri Lankan Airways,Sri Lanka,https://upload.wikimedia.org/wikipedia/en/thumb/9/9b/Qatar_Airways_Logo.svg/sri_lanka.png,From Sri Lanka,"Katunayake, Sri Lanka",www.srilankaairways.com,1990
7,Sri Lankan Airways 667,Sri Lanka,https://upload.wikimedia.org/wikipedia/en/thumb/9/9b/Qatar_Airways_Logo.svg/sri_lanka.png,From Sri Lanka,"Katunayake, Sri Lanka",www.srilankaairways.com,1990
8,Sri Lankan Airways 667,Sri Lanka,https://upload.wikimedia.org/wikipedia/en/thumb/9/9b/Qatar_Airways_Logo.svg/sri_lanka.png,From Sri Lanka,"Katunayake, Sri Lanka",www.srilankaairways.com,1990
9,Sri Lankan Airways 667,Sri Lanka,https://upload.wikimedia.org/wikipedia/en/thumb/9/9b/Qatar_Airways_Logo.svg/sri_lanka.png,From Sri Lanka,"Katunayake, Sri Lanka",www.srilankaairways.com,1990
12465763,Sri Lankan Airways,Sri Lanka,https://upload.wikimedia.org/wikipedia/en/thumb/9/9b/Qatar_Airways_Logo.svg/sri_lanka.png,From Sri Lanka,"Katunayake, Sri Lanka",www.srilankaairways.com,1990
182323,Sri Lankan Airways,Sri Lanka,https://upload.wikimedia.org/wikipedia/en/thumb/9/9b/Qatar_Airways_Logo.svg/sri_lanka.png,From Sri Lanka,"Katunayake, Sri Lanka",www.srilankaairways.com,1990
7778,Sri Lankan Airways,Sri Lanka,https://upload.wikimedia.org/wikipedia/en/thumb/9/9b/Qatar_Airways_Logo.svg/sri_lanka.png,From Sri Lanka,"Katunayake, Sri Lanka",www.srilankaairways.com,1990
77798,Sri Lankan Airways,Sri Lanka,https://upload.wikimedia.org/wikipedia/en/thumb/9/9b/Qatar_Airways_Logo.svg/sri_lanka.png,From Sri Lanka,,www.srilankaairways.com,1990
65656,My Application,India,https://www.javainuse.com/pojo,5475,,https://www.javainuse.com/pojo,5475
43543656,Sri Lankan Airways,Sri Lanka,https://upload.wikimedia.org/wikipedia/en/thumb/9/9b/Qatar_Airways_Logo.svg/sri_lanka.png,From Sri Lanka,"Katunayake, Sri Lanka",www.srilankaairways.com,1990
643676,AirlinePluto1,India,Logo1,Slogan1,Delhi,Website1,1999
479343,AirlinePluto5,China,Logo5,Slogan5,Shangai,Website5,2003
768735,AirlinePluto1,India,Logo1,Slogan1,Delhi,Website1,1999
70169,AirlinePluto5,China,Logo5,Slogan5,Shangai,Website5,2003
689369,AirlinePluto1,India,Logo1,Slogan1,Delhi,Website1,1999
285046,AirlinePluto5,China,Logo5,Slogan5,Shangai,Website5,2003
598198,AirlinePluto1,India,Logo1,Slogan1,Delhi,Website1,1999
332185,AirlinePluto5,China,Logo5,Slogan5,Shangai,Website5,2003
898483,AirlinePluto1,India,Logo1,Slogan1,Delhi,Website1,1999
420526,AirlinePluto5,China,Logo5,Slogan5,Shangai,Website5,2003
383517,AirlinePluto1,India,Logo1,Slogan1,Delhi,Website1,1999
184240,AirlinePluto5,China,Logo5,Slogan5,Shangai,Website5,2003
454354,Quatar Airways,Quatar,https://upload.wikimedia.org/wikipedia/en/thumb/9/9b/Qatar_Airways_Logo.svg/300px-Qatar_Airways_Logo.svg.png,Going Places Together,"Qatar Airways Towers, Doha, Qatar",www.qatarairways.com,1994
656757,Quatar Airways,Quatar,https://upload.wikimedia.org/wikipedia/en/thumb/9/9b/Qatar_Airways_Logo.svg/300px-Qatar_Airways_Logo.svg.png,Going Places Together,"Qatar Airways Towers, Doha, Qatar",www.qatarairways.com,1994
2373,TestAirplaneName2373,Sri Lanka,https://upload.wikimedia.org/wikipedia/en/thumb/9/9b/Qatar_Airways_Logo.svg/sri_lanka.png,From Sri Lanka,"Katunayake, Sri Lanka",www.srilankaairways.com,1990
6133,TestAirplaneName6133,Sri Lanka,https://upload.wikimedia.org/wikipedia/en/thumb/9/9b/Qatar_Airways_Logo.svg/sri_lanka.png,From Sri Lanka,"Katunayake, Sri Lanka",www.srilankaairways.com,1990
8492,TestAirplaneName8492,Sri Lanka,https://upload.wikimedia.org/wikipedia/en/thumb/9/9b/Qatar_Airways_Logo.svg/sri_lanka.png,From Sri Lanka,"Katunayake, Sri Lanka",www.srilankaairways.com,1990
5039,TestAirplaneName5039,Sri Lanka,https://upload.wikimedia.org/wikipedia/en/thumb/9/9b/Qatar_Airways_Logo.svg/sri_lanka.png,From Sri Lanka,"Katunayake, Sri Lanka",www.srilankaairways.com,1990
8852,TestAirplaneName8852,Sri Lanka,https://upload.wikimedia.org/wikipedia/en/thumb/9/9b/Qatar_Airways_Logo.svg/sri_lanka.png,From Sri Lanka,"Katunayake, Sri Lanka",www.srilankaairways.com,1990
3531,TestAirplaneName3531,Sri Lanka,https://upload.wikimedia.org/wikipedia/en/thumb/9/9b/Qatar_Airways_Logo.svg/sri_lanka.png,From Sri Lanka,"Katunayake, Sri Lanka",www.srilankaairways.com,1990
391952,AirlinePluto1,India,Logo1,Slogan1,Delhi,Website1,1999
498602,AirlinePluto5,China,Logo5,Slogan5,Shangai,Website5,2003
7584,TestAirplaneName7584,Sri Lanka,https://upload.wikimedia.org/wikipedia/en/thumb/9/9b/Qatar_Airways_Logo.svg/sri_lanka.png,From Sri Lanka,"Katunayake, Sri Lanka",www.srilankaairways.com,1990
9023,TestAirplaneName9023,Sri Lanka,https://upload.wikimedia.org/wikipedia/en/thumb/9/9b/Qatar_Airways_Logo.svg/sri_lanka.png,From Sri Lanka,"Katunayake, Sri Lanka",www.srilankaairways.com,1990
223,TestAirplaneName223,Sri Lanka,https://upload.wikimedia.org/wikipedia/en/thumb/9/9b/Qatar_Airways_Logo.svg/sri_lanka.png,From Sri Lanka,"Katunayake, Sri Lanka",www.srilankaairways.com,1990
6506,TestAirplaneName6506,Sri Lanka,https://upload.wikimedia.org/wikipedia/en/thumb/9/9b/Qatar_Airways_Logo.svg/sri_lanka.png,From Sri Lanka,"Katunayake, Sri Lanka",www.srilankaairways.com,1990
4063,TestAirplaneName4063,Sri Lanka,https://upload.wikimedia.org/wikipedia/en/thumb/9/9b/Qatar_Airways_Logo.svg/sri_lanka.png,From Sri Lanka,"Katunayake, Sri Lanka",www.srilankaairways.com,1990
9584,TestAirplaneName9584,Sri Lanka,https://upload.wikimedia.org/wikipedia/en/thumb/9/9b/Qatar_Airways_Logo.svg/sri_lanka.png,From Sri Lanka,"Katunayake, Sri Lanka",www.srilankaairways.com,1990
5157,TestAirplaneName5157,Sri Lanka,https://upload.wikimedia.org/wikipedia/en/thumb/9/9b/Qatar_Airways_Logo.svg/sri_lanka.png,From Sri Lanka,"Katunayake, Sri Lanka",www.srilankaairways.com,1990
8651,TestAirplaneName8651,Sri Lanka,https://upload.wikimedia.org/wikipedia/en/thumb/9/9b/Qatar_Airways_Logo.svg/sri_lanka.png,From Sri Lanka,"Katunayake, Sri Lanka",www.srilankaairways.com,1990
6105,TestAirplaneName6105,Sri Lanka,https://upload.wikimedia.org/wikipedia/en/thumb/9/9b/Qatar_Airways_Logo.svg/sri_lanka.png,From Sri Lanka,"Katunayake, Sri Lanka",www.srilankaairways.com,1990
2729,TestAirplaneName2729,Sri Lanka,https://upload.wikimedia.org/wikipedia/en/thumb/9/9b/Qatar_Airways_Logo.svg/sri_lanka.png,From Sri Lanka,"Katunayake, Sri Lanka",www.srilankaairways.com,1990
8670,TestAirplaneName8670,Sri Lanka,https://upload.wikimedia.org/wikipedia/en/thumb/9/9b/Qatar_Airways_Logo.svg/sri_lanka.png,From Sri Lanka,"Katunayake, Sri Lanka",www.srilankaairways.com,1990
8571,TestAirplaneName8571,Sri Lanka,https://upload.wikimedia.org/wikipedia/en/thumb/9/9b/Qatar_Airways_Logo.svg/sri_lanka.png,From Sri Lanka,"Katunayake, Sri Lanka",www.srilankaairways.com,1990
98765,Shivam,Pakistan,,,,,
1281167,Rwanda Airways,Rwanda,https://upload.wikimedia.org/wikipedia/en/thumb/9/9b/Qatar_Airways_Logo.svg/sri_lanka.png,From Rwanda,Rwanda,www.tzairways.com,1979
4177,TestAirplaneName4177,Sri Lanka,https://upload.wikimedia.org/wikipedia/en/thumb/9/9b/Qatar_Airways_Logo.svg/sri_lanka.png,From Sri Lanka,"Katunayake, Sri Lanka",www.srilankaairways.com,1990
2252,TestAirplaneName2252,Sri Lanka,https://upload.wikimedia.org/wikipedia/en/thumb/9/9b/Qatar_Airways_Logo.svg/sri_lanka.png,From Sri Lanka,"Katunayake, Sri Lanka",www.srilankaairways.com,1990
8084,TestAirplaneName8084,Sri Lanka,https://upload.wikimedia.org/wikipedia/en/thumb/9/9b/Qatar_Airways_Logo.svg/sri_lanka.png,From Sri Lanka,"Katunayake, Sri Lanka",www.srilankaairways.com,1990
7284,TestAirplaneName7284,Sri Lanka,https://upload.wikimedia.org/wikipedia/en/thumb/9/9b/Qatar_Airways_Logo.svg/sri_lanka.png,From Sri Lanka,"Katunayake, Sri Lanka",www.srilankaairways.com,1990
5974,TestAirplaneName5974,Sri Lanka,https://upload.wikimedia.org/wikipedia/en/thumb/9/9b/Qatar_Airways_Logo.svg/sri_lanka.png,From Sri Lanka,"Katunayake, Sri Lanka",www.srilankaairways.com,1990
4104,TestAirplaneName4104,Sri Lanka,https://upload.wikimedia.org/wikipedia/en/thumb/9/9b/Qatar_Airways_Logo.svg/sri_lanka.png,From Sri Lanka,"Katunayake, Sri Lanka",www.srilankaairways.com,1990
8947,TestAirplaneName8947,Niger,https://upload.wikimedia.org/wikipedia/en/thumb/9/9b/Qatar_Airways_Logo.svg/sri_lanka.png,From Sri Lanka,"Katunayake, Sri Lanka",www.srilankaairways.com,1990
6314,TestAirplaneName6314,Sri Lanka,https://upload.wikimedia.org/wikipedia/en/thumb/9/9b/Qatar_Airways_Logo.svg/sri_lanka.png,From Sri Lanka,"Katunayake, Sri Lanka",www.srilankaairways.com,1990
10,Sri Lankan Airways 667,Sri Lanka,https://upload.wikimedia.org/wikipedia/en/thumb/9/9b/Qatar_Airways_Logo.svg/sri_lanka.png,From Sri Lanka,"Katunayake, Sri Lanka",www.srilankaairways.com,1990
1111113,Sri Lankan Airways 667,Sri Lanka,https://upload.wikimedia.org/wikipedia/en/thumb/9/9b/Qatar_Airways_Logo.svg/sri_lanka.png,From Sri Lanka,"Katunayake, Sri Lanka",www.srilankaairways.com,1990
12222,SS Airways,India,https://upload.wikimedia.org/wikipedia/en/thumb/9/9b/Qatar_Airways_Logo.svg/sri_lanka.png,From India,"Karnataka, India",www.inidanaiway.com,1990
231195,Air Vistara,India,https://upload.wikimedia.org/wikipedia/en/thumb/9/9b/Qatar_Airways_Logo.svg/sri_lanka.png,Vistaaraaaa,"Mumbai, India",www.google.com,1990
181904,Air Vistara,India,https://upload.wikimedia.org/wikipedia,Vistaaraaaa,"Mumbai, India",www.google.com,1990
8920,TestAirplaneName8920,Maldives,https://upload.wikimedia.org/wikipedia/en/thumb/9/9b/Qatar_Airways_Logo.svg/sri_lanka.png,From Sri Lanka,"Katunayake, Sri Lanka",www.srilankaairways.com,1990
4005,TestAirplaneName4005,Tonga,https://upload.wikimedia.org/wikipedia/en/thumb/9/9b/Qatar_Airways_Logo.svg/sri_lanka.png,From Sri Lanka,"Katunayake, Sri Lanka",www.srilankaairways.com,1990
1819,Wayne Airlines,Gotham,https://www.gothamweb.com/,Fly Anywhere,"Wayne Towers, Gotham",https://www.warnerbros.com/tv/gotham,Way back
3276,TestAirplaneName3276,Nepal,https://upload.wikimedia.org/wikipedia/en/thumb/9/9b/Qatar_Airways_Logo.svg/sri_lanka.png,From Sri Lanka,"Katunayake, Sri Lanka",www.srilankaairways.com,1990
6106,TestAirplaneName6106,Tonga,https://upload.wikimedia.org/wikipedia/en/thumb/9/9b/Qatar_Airways_Logo.svg/sri_lanka.png,From Sri Lanka,"Katunayake, Sri Lanka",www.srilankaairways.com,1990
3842,TestAirplaneName3842,Liechtenstein,https://upload.wikimedia.org/wikipedia/en/thumb/9/9b/Qatar_Airways_Logo.svg/sri_lanka.png,From Sri Lanka,"Katunayake, Sri Lanka",www.srilankaairways.com,1990
222,Saudia Airlines,Saudi,https://www.arabnews.com/sites/default/files/styles/n_670_395/public/main-image/2018/07/10/1249046-70593937.jpg?itok=_jByCD39,From Saudi Arabia,"Riyadh, Saudi Arabia",www.saudiairlines.com,1990
225,Qatar Airlines,Qatar,https://www.arabnews.com/sites/default/files/styles/n_670_395/public/main-image/2018/07/10/1249046-70593937.jpg?itok=_jByCD39,From Qatar,Qatar,www.qatarairlines.com,1990
13866656,Sri Lankan Airways,Sri Lanka,https://upload.wikimedia.org/wikipedia/en/thumb/9/9b/Qatar_Airways_Logo.svg/sri_lanka.png,From Sri Lanka,"Katunayake, Sri Lanka",www.srilankaairways.com,1990
9438,Pakistan Airways,Pakistan,https://upload.wikimedia.org/wikipedia/en/thumb/9/9b/Qatar_Airways_Logo.svg/sri_lanka.png,From Karachi,"Katunayake, Islamabad",www.pakistanairways.com,1990
4921,Pakistan Airways,Pakistan,https://upload.wikimedia.org/wikipedia/en/thumb/9/9b/Qatar_Airways_Logo.svg/sri_lanka.png,From Karachi,"Katunayake, Islamabad",www.pakistanairways.com,1990
123323,Sri Lankan Airways,Sri Lanka,https://upload.wikimedia.org/wikipedia/en/thumb/9/9b/Qatar_Airways_Logo.svg/sri_lanka.png,From Sri Lanka,,www.srilankaairways.com,1990
9979,Sri Lankan Airways,Sri Lanka,https://upload.wikimedia.org/wikipedia/en/thumb/9/9b/Qatar_Airways_Logo.svg/sri_lanka.png,From Sri Lanka,,www.srilankaairways.com,1990
867,Sri Lankan Airways,Sri Lanka,https://upload.wikimedia.org/wikipedia/en/thumb/9/9b/Qatar_Airways_Logo.svg/sri_lanka.png,From Sri Lanka,,www.srilankaairways.com,1990
86007,Sri Lankan Airways,Sri Lanka,https://upload.wikimedia.org/wikipedia/en/thumb/9/9b/Qatar_Airways_Logo.svg/sri_lanka.png,From Sri Lanka,,www.srilankaairways.com,1990
1994,Sri Lankan Airways,Sri Lanka,https://upload.wikimedia.org/wikipedia/en/thumb/9/9b/Qatar_Airways_Logo.svg/sri_lanka.png,From Sri Lanka,"Katunayake, Sri Lanka",www.srilankaairways.com,1990
